ISO-10303-21;
HEADER;
/* Generated by software containing ST-Developer
 * from STEP Tools, Inc. (www.steptools.com) 
 */
/* OPTION: using custom renumber hook */

FILE_DESCRIPTION(
/* description */ ('STEP AP242 Edition 2',
'CAx-IF Rec.Pracs.---Representation and Presentation of Product Manufa
cturing Information (PMI)---4.0---2014-10-13',
'CAx-IF Rec.Pracs.---3D Tessellated Geometry---0.4---2014-09-14','2;1',
'CAx-IF Rec.Pracs.---User Defined Attributes---1.5---2016-08-15'),
/* implementation_level */ '2;1');

FILE_NAME(
/* name */ '6ab753c29886a45a7fd7e5bb',
/* time_stamp */ '2026-09-26T05:10:27Z',
/* author */ (''),
/* organization */ (''),
/* preprocessor_version */ 'ST-DEVELOPER v20',
/* originating_system */ 'ONSHAPE BY PTC INC, 1.221',
/* authorisation */ '  ');

FILE_SCHEMA (('AP242_MANAGED_MODEL_BASED_3D_ENGINEERING_MIM_LF { 1 0 10303 442 3 1 4 }'));
ENDSEC;

DATA;
#10=TOROIDAL_SURFACE('',#1279,0.0227606669686749,0.00380961709701449);
#11=ELLIPSE('',#1247,0.00387693929691319,0.00380960975973274);
#12=ELLIPSE('',#1276,0.00381056296872378,0.00380960975973274);
#13=B_SPLINE_CURVE_WITH_KNOTS('',3,(#1862,#1863,#1864,#1865,#1866,#1867,
#1868,#1869,#1870,#1871,#1872,#1873,#1874,#1875),.UNSPECIFIED.,.F.,.F.,
(4,1,1,1,1,1,1,1,1,1,1,4),(0.,0.00495909438875947,0.00991818877751894,0.0148772831662784,
0.0173568303606581,0.0198363775550379,0.0223159247494176,0.0247954719437973,
0.0297545663325568,0.0322341135269366,0.0347136607213163,0.0396727551100758),
 .UNSPECIFIED.);
#14=B_SPLINE_CURVE_WITH_KNOTS('',3,(#1880,#1881,#1882,#1883,#1884,#1885,
#1886,#1887,#1888,#1889,#1890,#1891,#1892),.UNSPECIFIED.,.T.,.F.,(1,1,1,
1,1,1,1,1,1,1,1,1,1,1,1,1,1),(-0.0119520864076358,-0.00796805760509051,
-0.00398402880254526,0.,0.00398402880254526,0.00796805760509051,0.0119520864076358,
0.0139441008089084,0.015936115210181,0.0179281296114537,0.0199201440127263,
0.0239041728152715,0.0278882016178168,0.0318722304203621,0.0358562592229073,
0.0398402880254526,0.0438243168279978),.UNSPECIFIED.);
#15=B_SPLINE_SURFACE_WITH_KNOTS('',3,1,((#1757,#1758,#1759),(#1760,#1761,
#1762),(#1763,#1764,#1765),(#1766,#1767,#1768),(#1769,#1770,#1771),(#1772,
#1773,#1774),(#1775,#1776,#1777),(#1778,#1779,#1780),(#1781,#1782,#1783),
(#1784,#1785,#1786),(#1787,#1788,#1789),(#1790,#1791,#1792),(#1793,#1794,
#1795),(#1796,#1797,#1798),(#1799,#1800,#1801),(#1802,#1803,#1804),(#1805,
#1806,#1807),(#1808,#1809,#1810),(#1811,#1812,#1813),(#1814,#1815,#1816),
(#1817,#1818,#1819),(#1820,#1821,#1822),(#1823,#1824,#1825),(#1826,#1827,
#1828),(#1829,#1830,#1831),(#1832,#1833,#1834),(#1835,#1836,#1837),(#1838,
#1839,#1840),(#1841,#1842,#1843),(#1844,#1845,#1846),(#1847,#1848,#1849),
(#1850,#1851,#1852),(#1853,#1854,#1855),(#1856,#1857,#1858)),
 .RULED_SURF.,.F.,.F.,.F.,(4,2,2,2,2,2,2,2,2,2,2,2,2,2,2,2,4),(2,1,2),(0.,
0.0625,0.125,0.1875,0.25,0.3125,0.375,0.4375,0.5,0.5625,0.625,0.6875,0.75,
0.8125,0.875,0.9375,1.),(0.159786191546201,1.,1.00501124267427),
 .UNSPECIFIED.);
#16=DRAUGHTING_PRE_DEFINED_COLOUR('red');
#17=VERTEX_LOOP('',#743);
#18=VERTEX_LOOP('',#801);
#19=VERTEX_LOOP('',#803);
#20=VERTEX_LOOP('',#805);
#21=VERTEX_LOOP('',#807);
#22=CONICAL_SURFACE('',#1228,0.,0.247453905596479);
#23=CONICAL_SURFACE('',#1282,0.0005,1.02974425867665);
#24=CONICAL_SURFACE('',#1285,0.0005,1.02974425867665);
#25=CONICAL_SURFACE('',#1288,0.0005,1.02974425867665);
#26=CONICAL_SURFACE('',#1291,0.0005,1.02974425867665);
#27=CONTEXT_DEPENDENT_SHAPE_REPRESENTATION(#45,#2080);
#28=CONTEXT_DEPENDENT_SHAPE_REPRESENTATION(#46,#2082);
#29=CONTEXT_DEPENDENT_SHAPE_REPRESENTATION(#47,#2083);
#30=CONTEXT_DEPENDENT_SHAPE_REPRESENTATION(#48,#2084);
#31=CONTEXT_DEPENDENT_SHAPE_REPRESENTATION(#49,#2085);
#32=CONTEXT_DEPENDENT_SHAPE_REPRESENTATION(#50,#2087);
#33=CONTEXT_DEPENDENT_SHAPE_REPRESENTATION(#51,#2088);
#34=CONTEXT_DEPENDENT_SHAPE_REPRESENTATION(#52,#2089);
#35=CONTEXT_DEPENDENT_SHAPE_REPRESENTATION(#53,#2090);
#36=NEXT_ASSEMBLY_USAGE_OCCURRENCE('NAUO1','Part 1','Part 1',#2091,#2092,
'');
#37=NEXT_ASSEMBLY_USAGE_OCCURRENCE('NAUO2','Part 1','Part 1',#2091,#2093,
'');
#38=NEXT_ASSEMBLY_USAGE_OCCURRENCE('NAUO3','Part 1','Part 1',#2091,#2093,
'');
#39=NEXT_ASSEMBLY_USAGE_OCCURRENCE('NAUO4','Part 1','Part 1',#2091,#2093,
'');
#40=NEXT_ASSEMBLY_USAGE_OCCURRENCE('NAUO5','Part 1','Part 1',#2091,#2092,
'');
#41=NEXT_ASSEMBLY_USAGE_OCCURRENCE('NAUO6','Part 1','Part 1',#2091,#2094,
'');
#42=NEXT_ASSEMBLY_USAGE_OCCURRENCE('NAUO7','Part 1','Part 1',#2091,#2093,
'');
#43=NEXT_ASSEMBLY_USAGE_OCCURRENCE('NAUO8','Part 1','Part 1',#2091,#2092,
'');
#44=NEXT_ASSEMBLY_USAGE_OCCURRENCE('NAUO9','Part 1','Part 1',#2091,#2092,
'');
#45=(
REPRESENTATION_RELATIONSHIP(' ',' ',#1179,#1178)
REPRESENTATION_RELATIONSHIP_WITH_TRANSFORMATION(#54)
SHAPE_REPRESENTATION_RELATIONSHIP()
);
#46=(
REPRESENTATION_RELATIONSHIP(' ',' ',#1180,#1178)
REPRESENTATION_RELATIONSHIP_WITH_TRANSFORMATION(#55)
SHAPE_REPRESENTATION_RELATIONSHIP()
);
#47=(
REPRESENTATION_RELATIONSHIP(' ',' ',#1180,#1178)
REPRESENTATION_RELATIONSHIP_WITH_TRANSFORMATION(#56)
SHAPE_REPRESENTATION_RELATIONSHIP()
);
#48=(
REPRESENTATION_RELATIONSHIP(' ',' ',#1180,#1178)
REPRESENTATION_RELATIONSHIP_WITH_TRANSFORMATION(#57)
SHAPE_REPRESENTATION_RELATIONSHIP()
);
#49=(
REPRESENTATION_RELATIONSHIP(' ',' ',#1179,#1178)
REPRESENTATION_RELATIONSHIP_WITH_TRANSFORMATION(#58)
SHAPE_REPRESENTATION_RELATIONSHIP()
);
#50=(
REPRESENTATION_RELATIONSHIP(' ',' ',#1181,#1178)
REPRESENTATION_RELATIONSHIP_WITH_TRANSFORMATION(#59)
SHAPE_REPRESENTATION_RELATIONSHIP()
);
#51=(
REPRESENTATION_RELATIONSHIP(' ',' ',#1180,#1178)
REPRESENTATION_RELATIONSHIP_WITH_TRANSFORMATION(#60)
SHAPE_REPRESENTATION_RELATIONSHIP()
);
#52=(
REPRESENTATION_RELATIONSHIP(' ',' ',#1179,#1178)
REPRESENTATION_RELATIONSHIP_WITH_TRANSFORMATION(#61)
SHAPE_REPRESENTATION_RELATIONSHIP()
);
#53=(
REPRESENTATION_RELATIONSHIP(' ',' ',#1179,#1178)
REPRESENTATION_RELATIONSHIP_WITH_TRANSFORMATION(#62)
SHAPE_REPRESENTATION_RELATIONSHIP()
);
#54=ITEM_DEFINED_TRANSFORMATION(' ',' ',#1182,#1227);
#55=ITEM_DEFINED_TRANSFORMATION(' ',' ',#1182,#1237);
#56=ITEM_DEFINED_TRANSFORMATION(' ',' ',#1182,#1238);
#57=ITEM_DEFINED_TRANSFORMATION(' ',' ',#1182,#1239);
#58=ITEM_DEFINED_TRANSFORMATION(' ',' ',#1182,#1240);
#59=ITEM_DEFINED_TRANSFORMATION(' ',' ',#1182,#1294);
#60=ITEM_DEFINED_TRANSFORMATION(' ',' ',#1182,#1295);
#61=ITEM_DEFINED_TRANSFORMATION(' ',' ',#1182,#1296);
#62=ITEM_DEFINED_TRANSFORMATION(' ',' ',#1182,#1297);
#63=SHAPE_REPRESENTATION_RELATIONSHIP('','',#1179,#66);
#64=SHAPE_REPRESENTATION_RELATIONSHIP('','',#1180,#67);
#65=SHAPE_REPRESENTATION_RELATIONSHIP('','',#1181,#68);
#66=ADVANCED_BREP_SHAPE_REPRESENTATION('',(#1171),#2068);
#67=ADVANCED_BREP_SHAPE_REPRESENTATION('',(#1172),#2069);
#68=ADVANCED_BREP_SHAPE_REPRESENTATION('',(#1173),#2070);
#69=OVER_RIDING_STYLED_ITEM('',(#1145),#1086,#1141);
#70=PLANE('',#1186);
#71=PLANE('',#1187);
#72=PLANE('',#1194);
#73=PLANE('',#1195);
#74=PLANE('',#1202);
#75=PLANE('',#1203);
#76=PLANE('',#1207);
#77=PLANE('',#1212);
#78=PLANE('',#1220);
#79=PLANE('',#1223);
#80=PLANE('',#1225);
#81=PLANE('',#1232);
#82=PLANE('',#1236);
#83=PLANE('',#1242);
#84=PLANE('',#1243);
#85=PLANE('',#1244);
#86=PLANE('',#1245);
#87=PLANE('',#1246);
#88=PLANE('',#1248);
#89=PLANE('',#1249);
#90=PLANE('',#1251);
#91=PLANE('',#1252);
#92=PLANE('',#1253);
#93=PLANE('',#1254);
#94=PLANE('',#1256);
#95=PLANE('',#1257);
#96=PLANE('',#1258);
#97=PLANE('',#1259);
#98=PLANE('',#1260);
#99=PLANE('',#1261);
#100=PLANE('',#1262);
#101=PLANE('',#1264);
#102=PLANE('',#1265);
#103=PLANE('',#1266);
#104=PLANE('',#1267);
#105=PLANE('',#1271);
#106=PLANE('',#1275);
#107=LINE('',#1628,#200);
#108=LINE('',#1632,#201);
#109=LINE('',#1634,#202);
#110=LINE('',#1636,#203);
#111=LINE('',#1638,#204);
#112=LINE('',#1640,#205);
#113=LINE('',#1642,#206);
#114=LINE('',#1644,#207);
#115=LINE('',#1652,#208);
#116=LINE('',#1656,#209);
#117=LINE('',#1658,#210);
#118=LINE('',#1660,#211);
#119=LINE('',#1662,#212);
#120=LINE('',#1664,#213);
#121=LINE('',#1666,#214);
#122=LINE('',#1668,#215);
#123=LINE('',#1676,#216);
#124=LINE('',#1680,#217);
#125=LINE('',#1682,#218);
#126=LINE('',#1684,#219);
#127=LINE('',#1686,#220);
#128=LINE('',#1688,#221);
#129=LINE('',#1690,#222);
#130=LINE('',#1692,#223);
#131=LINE('',#1701,#224);
#132=LINE('',#1706,#225);
#133=LINE('',#1717,#226);
#134=LINE('',#1721,#227);
#135=LINE('',#1731,#228);
#136=LINE('',#1732,#229);
#137=LINE('',#1734,#230);
#138=LINE('',#1736,#231);
#139=LINE('',#1859,#232);
#140=LINE('',#1877,#233);
#141=LINE('',#1895,#234);
#142=LINE('',#1898,#235);
#143=LINE('',#1900,#236);
#144=LINE('',#1902,#237);
#145=LINE('',#1904,#238);
#146=LINE('',#1906,#239);
#147=LINE('',#1908,#240);
#148=LINE('',#1910,#241);
#149=LINE('',#1912,#242);
#150=LINE('',#1914,#243);
#151=LINE('',#1916,#244);
#152=LINE('',#1917,#245);
#153=LINE('',#1919,#246);
#154=LINE('',#1922,#247);
#155=LINE('',#1924,#248);
#156=LINE('',#1926,#249);
#157=LINE('',#1927,#250);
#158=LINE('',#1929,#251);
#159=LINE('',#1931,#252);
#160=LINE('',#1933,#253);
#161=LINE('',#1935,#254);
#162=LINE('',#1937,#255);
#163=LINE('',#1939,#256);
#164=LINE('',#1941,#257);
#165=LINE('',#1943,#258);
#166=LINE('',#1944,#259);
#167=LINE('',#1946,#260);
#168=LINE('',#1948,#261);
#169=LINE('',#1950,#262);
#170=LINE('',#1951,#263);
#171=LINE('',#1953,#264);
#172=LINE('',#1955,#265);
#173=LINE('',#1956,#266);
#174=LINE('',#1957,#267);
#175=LINE('',#1959,#268);
#176=LINE('',#1961,#269);
#177=LINE('',#1962,#270);
#178=LINE('',#1964,#271);
#179=LINE('',#1966,#272);
#180=LINE('',#1974,#273);
#181=LINE('',#1976,#274);
#182=LINE('',#1978,#275);
#183=LINE('',#1980,#276);
#184=LINE('',#1982,#277);
#185=LINE('',#1987,#278);
#186=LINE('',#1989,#279);
#187=LINE('',#1991,#280);
#188=LINE('',#1993,#281);
#189=LINE('',#1995,#282);
#190=LINE('',#1998,#283);
#191=LINE('',#2000,#284);
#192=LINE('',#2002,#285);
#193=LINE('',#2004,#286);
#194=LINE('',#2006,#287);
#195=LINE('',#2011,#288);
#196=LINE('',#2013,#289);
#197=LINE('',#2015,#290);
#198=LINE('',#2017,#291);
#199=LINE('',#2019,#292);
#200=VECTOR('',#1304,1.);
#201=VECTOR('',#1307,1.);
#202=VECTOR('',#1310,1.);
#203=VECTOR('',#1311,1.);
#204=VECTOR('',#1312,1.);
#205=VECTOR('',#1315,1.);
#206=VECTOR('',#1316,1.);
#207=VECTOR('',#1317,1.);
#208=VECTOR('',#1328,1.);
#209=VECTOR('',#1331,1.);
#210=VECTOR('',#1334,1.);
#211=VECTOR('',#1335,1.);
#212=VECTOR('',#1336,1.);
#213=VECTOR('',#1339,1.);
#214=VECTOR('',#1340,1.);
#215=VECTOR('',#1341,1.);
#216=VECTOR('',#1352,1.);
#217=VECTOR('',#1355,1.);
#218=VECTOR('',#1358,1.);
#219=VECTOR('',#1359,1.);
#220=VECTOR('',#1360,1.);
#221=VECTOR('',#1363,1.);
#222=VECTOR('',#1364,1.);
#223=VECTOR('',#1365,1.);
#224=VECTOR('',#1378,1.);
#225=VECTOR('',#1381,1.);
#226=VECTOR('',#1392,1.);
#227=VECTOR('',#1395,1.);
#228=VECTOR('',#1410,1.);
#229=VECTOR('',#1411,1.);
#230=VECTOR('',#1414,1.);
#231=VECTOR('',#1417,1.);
#232=VECTOR('',#1448,1.);
#233=VECTOR('',#1449,1.);
#234=VECTOR('',#1454,1.);
#235=VECTOR('',#1455,1.);
#236=VECTOR('',#1456,1.);
#237=VECTOR('',#1457,1.);
#238=VECTOR('',#1458,1.);
#239=VECTOR('',#1459,1.);
#240=VECTOR('',#1460,1.);
#241=VECTOR('',#1461,1.);
#242=VECTOR('',#1462,1.);
#243=VECTOR('',#1463,1.);
#244=VECTOR('',#1464,1.);
#245=VECTOR('',#1465,1.);
#246=VECTOR('',#1468,1.);
#247=VECTOR('',#1469,1.);
#248=VECTOR('',#1470,1.);
#249=VECTOR('',#1471,1.);
#250=VECTOR('',#1472,1.);
#251=VECTOR('',#1473,1.);
#252=VECTOR('',#1474,1.);
#253=VECTOR('',#1475,1.);
#254=VECTOR('',#1476,1.);
#255=VECTOR('',#1477,1.);
#256=VECTOR('',#1478,1.);
#257=VECTOR('',#1479,1.);
#258=VECTOR('',#1482,1.);
#259=VECTOR('',#1483,1.);
#260=VECTOR('',#1486,1.);
#261=VECTOR('',#1487,1.);
#262=VECTOR('',#1488,1.);
#263=VECTOR('',#1489,1.);
#264=VECTOR('',#1490,1.);
#265=VECTOR('',#1491,1.);
#266=VECTOR('',#1492,1.);
#267=VECTOR('',#1493,1.);
#268=VECTOR('',#1494,1.);
#269=VECTOR('',#1495,1.);
#270=VECTOR('',#1496,1.);
#271=VECTOR('',#1497,1.);
#272=VECTOR('',#1498,1.);
#273=VECTOR('',#1509,1.);
#274=VECTOR('',#1510,1.);
#275=VECTOR('',#1511,1.);
#276=VECTOR('',#1514,1.);
#277=VECTOR('',#1517,1.);
#278=VECTOR('',#1524,1.);
#279=VECTOR('',#1525,1.);
#280=VECTOR('',#1526,1.);
#281=VECTOR('',#1529,1.);
#282=VECTOR('',#1532,1.);
#283=VECTOR('',#1537,1.);
#284=VECTOR('',#1538,1.);
#285=VECTOR('',#1539,1.);
#286=VECTOR('',#1542,1.);
#287=VECTOR('',#1545,1.);
#288=VECTOR('',#1552,1.);
#289=VECTOR('',#1553,1.);
#290=VECTOR('',#1554,1.);
#291=VECTOR('',#1557,1.);
#292=VECTOR('',#1560,1.);
#293=ORIENTED_EDGE('',*,*,#567,.T.);
#294=ORIENTED_EDGE('',*,*,#568,.T.);
#295=ORIENTED_EDGE('',*,*,#569,.F.);
#296=ORIENTED_EDGE('',*,*,#570,.F.);
#297=ORIENTED_EDGE('',*,*,#570,.T.);
#298=ORIENTED_EDGE('',*,*,#571,.T.);
#299=ORIENTED_EDGE('',*,*,#572,.F.);
#300=ORIENTED_EDGE('',*,*,#573,.F.);
#301=ORIENTED_EDGE('',*,*,#574,.T.);
#302=ORIENTED_EDGE('',*,*,#575,.T.);
#303=ORIENTED_EDGE('',*,*,#576,.F.);
#304=ORIENTED_EDGE('',*,*,#568,.F.);
#305=ORIENTED_EDGE('',*,*,#572,.T.);
#306=ORIENTED_EDGE('',*,*,#577,.T.);
#307=ORIENTED_EDGE('',*,*,#575,.F.);
#308=ORIENTED_EDGE('',*,*,#578,.F.);
#309=ORIENTED_EDGE('',*,*,#579,.T.);
#310=ORIENTED_EDGE('',*,*,#580,.T.);
#311=ORIENTED_EDGE('',*,*,#581,.F.);
#312=ORIENTED_EDGE('',*,*,#582,.F.);
#313=ORIENTED_EDGE('',*,*,#582,.T.);
#314=ORIENTED_EDGE('',*,*,#583,.T.);
#315=ORIENTED_EDGE('',*,*,#584,.F.);
#316=ORIENTED_EDGE('',*,*,#585,.F.);
#317=ORIENTED_EDGE('',*,*,#586,.T.);
#318=ORIENTED_EDGE('',*,*,#587,.T.);
#319=ORIENTED_EDGE('',*,*,#588,.F.);
#320=ORIENTED_EDGE('',*,*,#580,.F.);
#321=ORIENTED_EDGE('',*,*,#584,.T.);
#322=ORIENTED_EDGE('',*,*,#589,.T.);
#323=ORIENTED_EDGE('',*,*,#587,.F.);
#324=ORIENTED_EDGE('',*,*,#590,.F.);
#325=ORIENTED_EDGE('',*,*,#591,.T.);
#326=ORIENTED_EDGE('',*,*,#592,.T.);
#327=ORIENTED_EDGE('',*,*,#593,.F.);
#328=ORIENTED_EDGE('',*,*,#594,.F.);
#329=ORIENTED_EDGE('',*,*,#594,.T.);
#330=ORIENTED_EDGE('',*,*,#595,.T.);
#331=ORIENTED_EDGE('',*,*,#596,.F.);
#332=ORIENTED_EDGE('',*,*,#597,.F.);
#333=ORIENTED_EDGE('',*,*,#598,.T.);
#334=ORIENTED_EDGE('',*,*,#599,.T.);
#335=ORIENTED_EDGE('',*,*,#600,.F.);
#336=ORIENTED_EDGE('',*,*,#592,.F.);
#337=ORIENTED_EDGE('',*,*,#596,.T.);
#338=ORIENTED_EDGE('',*,*,#601,.T.);
#339=ORIENTED_EDGE('',*,*,#599,.F.);
#340=ORIENTED_EDGE('',*,*,#602,.F.);
#341=ORIENTED_EDGE('',*,*,#574,.F.);
#342=ORIENTED_EDGE('',*,*,#567,.F.);
#343=ORIENTED_EDGE('',*,*,#573,.T.);
#344=ORIENTED_EDGE('',*,*,#578,.T.);
#345=ORIENTED_EDGE('',*,*,#586,.F.);
#346=ORIENTED_EDGE('',*,*,#579,.F.);
#347=ORIENTED_EDGE('',*,*,#585,.T.);
#348=ORIENTED_EDGE('',*,*,#590,.T.);
#349=ORIENTED_EDGE('',*,*,#598,.F.);
#350=ORIENTED_EDGE('',*,*,#591,.F.);
#351=ORIENTED_EDGE('',*,*,#597,.T.);
#352=ORIENTED_EDGE('',*,*,#602,.T.);
#353=ORIENTED_EDGE('',*,*,#603,.F.);
#354=ORIENTED_EDGE('',*,*,#604,.F.);
#355=ORIENTED_EDGE('',*,*,#605,.F.);
#356=ORIENTED_EDGE('',*,*,#606,.F.);
#357=ORIENTED_EDGE('',*,*,#607,.T.);
#358=ORIENTED_EDGE('',*,*,#608,.T.);
#359=ORIENTED_EDGE('',*,*,#569,.T.);
#360=ORIENTED_EDGE('',*,*,#576,.T.);
#361=ORIENTED_EDGE('',*,*,#577,.F.);
#362=ORIENTED_EDGE('',*,*,#571,.F.);
#363=ORIENTED_EDGE('',*,*,#581,.T.);
#364=ORIENTED_EDGE('',*,*,#588,.T.);
#365=ORIENTED_EDGE('',*,*,#589,.F.);
#366=ORIENTED_EDGE('',*,*,#583,.F.);
#367=ORIENTED_EDGE('',*,*,#593,.T.);
#368=ORIENTED_EDGE('',*,*,#600,.T.);
#369=ORIENTED_EDGE('',*,*,#601,.F.);
#370=ORIENTED_EDGE('',*,*,#595,.F.);
#371=ORIENTED_EDGE('',*,*,#609,.T.);
#372=ORIENTED_EDGE('',*,*,#610,.T.);
#373=ORIENTED_EDGE('',*,*,#611,.T.);
#374=ORIENTED_EDGE('',*,*,#612,.T.);
#375=ORIENTED_EDGE('',*,*,#613,.F.);
#376=ORIENTED_EDGE('',*,*,#614,.F.);
#377=ORIENTED_EDGE('',*,*,#603,.T.);
#378=ORIENTED_EDGE('',*,*,#609,.F.);
#379=ORIENTED_EDGE('',*,*,#615,.F.);
#380=ORIENTED_EDGE('',*,*,#604,.T.);
#381=ORIENTED_EDGE('',*,*,#616,.F.);
#382=ORIENTED_EDGE('',*,*,#615,.T.);
#383=ORIENTED_EDGE('',*,*,#610,.F.);
#384=ORIENTED_EDGE('',*,*,#616,.T.);
#385=ORIENTED_EDGE('',*,*,#605,.T.);
#386=ORIENTED_EDGE('',*,*,#617,.T.);
#387=ORIENTED_EDGE('',*,*,#612,.F.);
#388=ORIENTED_EDGE('',*,*,#618,.F.);
#389=ORIENTED_EDGE('',*,*,#606,.T.);
#390=ORIENTED_EDGE('',*,*,#618,.T.);
#391=ORIENTED_EDGE('',*,*,#611,.F.);
#392=ORIENTED_EDGE('',*,*,#619,.F.);
#393=ORIENTED_EDGE('',*,*,#619,.T.);
#394=ORIENTED_EDGE('',*,*,#614,.T.);
#395=ORIENTED_EDGE('',*,*,#620,.F.);
#396=ORIENTED_EDGE('',*,*,#607,.F.);
#397=ORIENTED_EDGE('',*,*,#620,.T.);
#398=ORIENTED_EDGE('',*,*,#613,.T.);
#399=ORIENTED_EDGE('',*,*,#617,.F.);
#400=ORIENTED_EDGE('',*,*,#608,.F.);
#401=ORIENTED_EDGE('',*,*,#621,.F.);
#402=ORIENTED_EDGE('',*,*,#622,.F.);
#403=ORIENTED_EDGE('',*,*,#621,.T.);
#404=ORIENTED_EDGE('',*,*,#623,.F.);
#405=ORIENTED_EDGE('',*,*,#622,.T.);
#406=ORIENTED_EDGE('',*,*,#624,.F.);
#407=ORIENTED_EDGE('',*,*,#623,.T.);
#408=ORIENTED_EDGE('',*,*,#624,.T.);
#409=ORIENTED_EDGE('',*,*,#625,.F.);
#410=ORIENTED_EDGE('',*,*,#626,.T.);
#411=ORIENTED_EDGE('',*,*,#627,.T.);
#412=ORIENTED_EDGE('',*,*,#628,.F.);
#413=ORIENTED_EDGE('',*,*,#629,.T.);
#414=ORIENTED_EDGE('',*,*,#630,.F.);
#415=ORIENTED_EDGE('',*,*,#631,.T.);
#416=ORIENTED_EDGE('',*,*,#632,.T.);
#417=ORIENTED_EDGE('',*,*,#633,.F.);
#418=ORIENTED_EDGE('',*,*,#634,.F.);
#419=ORIENTED_EDGE('',*,*,#635,.T.);
#420=ORIENTED_EDGE('',*,*,#636,.T.);
#421=ORIENTED_EDGE('',*,*,#637,.F.);
#422=ORIENTED_EDGE('',*,*,#638,.F.);
#423=ORIENTED_EDGE('',*,*,#639,.T.);
#424=ORIENTED_EDGE('',*,*,#640,.T.);
#425=ORIENTED_EDGE('',*,*,#625,.T.);
#426=ORIENTED_EDGE('',*,*,#641,.F.);
#427=ORIENTED_EDGE('',*,*,#642,.T.);
#428=ORIENTED_EDGE('',*,*,#643,.T.);
#429=ORIENTED_EDGE('',*,*,#644,.T.);
#430=ORIENTED_EDGE('',*,*,#645,.F.);
#431=ORIENTED_EDGE('',*,*,#627,.F.);
#432=ORIENTED_EDGE('',*,*,#646,.T.);
#433=ORIENTED_EDGE('',*,*,#647,.T.);
#434=ORIENTED_EDGE('',*,*,#648,.T.);
#435=ORIENTED_EDGE('',*,*,#649,.F.);
#436=ORIENTED_EDGE('',*,*,#650,.T.);
#437=ORIENTED_EDGE('',*,*,#651,.T.);
#438=ORIENTED_EDGE('',*,*,#652,.T.);
#439=ORIENTED_EDGE('',*,*,#653,.F.);
#440=ORIENTED_EDGE('',*,*,#647,.F.);
#441=ORIENTED_EDGE('',*,*,#654,.T.);
#442=ORIENTED_EDGE('',*,*,#639,.F.);
#443=ORIENTED_EDGE('',*,*,#655,.F.);
#444=ORIENTED_EDGE('',*,*,#638,.T.);
#445=ORIENTED_EDGE('',*,*,#656,.T.);
#446=ORIENTED_EDGE('',*,*,#657,.F.);
#447=ORIENTED_EDGE('',*,*,#658,.F.);
#448=ORIENTED_EDGE('',*,*,#634,.T.);
#449=ORIENTED_EDGE('',*,*,#659,.T.);
#450=ORIENTED_EDGE('',*,*,#660,.F.);
#451=ORIENTED_EDGE('',*,*,#661,.F.);
#452=ORIENTED_EDGE('',*,*,#630,.T.);
#453=ORIENTED_EDGE('',*,*,#662,.F.);
#454=ORIENTED_EDGE('',*,*,#644,.F.);
#455=ORIENTED_EDGE('',*,*,#663,.F.);
#456=ORIENTED_EDGE('',*,*,#664,.T.);
#457=ORIENTED_EDGE('',*,*,#665,.T.);
#458=ORIENTED_EDGE('',*,*,#652,.F.);
#459=ORIENTED_EDGE('',*,*,#666,.F.);
#460=ORIENTED_EDGE('',*,*,#667,.T.);
#461=ORIENTED_EDGE('',*,*,#668,.T.);
#462=ORIENTED_EDGE('',*,*,#648,.F.);
#463=ORIENTED_EDGE('',*,*,#655,.T.);
#464=ORIENTED_EDGE('',*,*,#669,.T.);
#465=ORIENTED_EDGE('',*,*,#662,.T.);
#466=ORIENTED_EDGE('',*,*,#641,.T.);
#467=ORIENTED_EDGE('',*,*,#628,.T.);
#468=ORIENTED_EDGE('',*,*,#645,.T.);
#469=ORIENTED_EDGE('',*,*,#646,.F.);
#470=ORIENTED_EDGE('',*,*,#626,.F.);
#471=ORIENTED_EDGE('',*,*,#640,.F.);
#472=ORIENTED_EDGE('',*,*,#654,.F.);
#473=ORIENTED_EDGE('',*,*,#670,.T.);
#474=ORIENTED_EDGE('',*,*,#667,.F.);
#475=ORIENTED_EDGE('',*,*,#671,.T.);
#476=ORIENTED_EDGE('',*,*,#672,.T.);
#477=ORIENTED_EDGE('',*,*,#673,.F.);
#478=ORIENTED_EDGE('',*,*,#674,.T.);
#479=ORIENTED_EDGE('',*,*,#649,.T.);
#480=ORIENTED_EDGE('',*,*,#668,.F.);
#481=ORIENTED_EDGE('',*,*,#673,.T.);
#482=ORIENTED_EDGE('',*,*,#650,.F.);
#483=ORIENTED_EDGE('',*,*,#674,.F.);
#484=ORIENTED_EDGE('',*,*,#672,.F.);
#485=ORIENTED_EDGE('',*,*,#675,.T.);
#486=ORIENTED_EDGE('',*,*,#651,.F.);
#487=ORIENTED_EDGE('',*,*,#675,.F.);
#488=ORIENTED_EDGE('',*,*,#671,.F.);
#489=ORIENTED_EDGE('',*,*,#666,.T.);
#490=ORIENTED_EDGE('',*,*,#676,.T.);
#491=ORIENTED_EDGE('',*,*,#664,.F.);
#492=ORIENTED_EDGE('',*,*,#677,.T.);
#493=ORIENTED_EDGE('',*,*,#678,.T.);
#494=ORIENTED_EDGE('',*,*,#679,.F.);
#495=ORIENTED_EDGE('',*,*,#680,.T.);
#496=ORIENTED_EDGE('',*,*,#653,.T.);
#497=ORIENTED_EDGE('',*,*,#665,.F.);
#498=ORIENTED_EDGE('',*,*,#679,.T.);
#499=ORIENTED_EDGE('',*,*,#642,.F.);
#500=ORIENTED_EDGE('',*,*,#680,.F.);
#501=ORIENTED_EDGE('',*,*,#678,.F.);
#502=ORIENTED_EDGE('',*,*,#681,.T.);
#503=ORIENTED_EDGE('',*,*,#643,.F.);
#504=ORIENTED_EDGE('',*,*,#681,.F.);
#505=ORIENTED_EDGE('',*,*,#677,.F.);
#506=ORIENTED_EDGE('',*,*,#663,.T.);
#507=ORIENTED_EDGE('',*,*,#636,.F.);
#508=ORIENTED_EDGE('',*,*,#682,.T.);
#509=ORIENTED_EDGE('',*,*,#683,.T.);
#510=ORIENTED_EDGE('',*,*,#684,.F.);
#511=ORIENTED_EDGE('',*,*,#635,.F.);
#512=ORIENTED_EDGE('',*,*,#658,.T.);
#513=ORIENTED_EDGE('',*,*,#685,.T.);
#514=ORIENTED_EDGE('',*,*,#682,.F.);
#515=ORIENTED_EDGE('',*,*,#656,.F.);
#516=ORIENTED_EDGE('',*,*,#637,.T.);
#517=ORIENTED_EDGE('',*,*,#684,.T.);
#518=ORIENTED_EDGE('',*,*,#686,.F.);
#519=ORIENTED_EDGE('',*,*,#687,.T.);
#520=ORIENTED_EDGE('',*,*,#657,.T.);
#521=ORIENTED_EDGE('',*,*,#686,.T.);
#522=ORIENTED_EDGE('',*,*,#683,.F.);
#523=ORIENTED_EDGE('',*,*,#685,.F.);
#524=ORIENTED_EDGE('',*,*,#632,.F.);
#525=ORIENTED_EDGE('',*,*,#688,.T.);
#526=ORIENTED_EDGE('',*,*,#689,.T.);
#527=ORIENTED_EDGE('',*,*,#690,.F.);
#528=ORIENTED_EDGE('',*,*,#631,.F.);
#529=ORIENTED_EDGE('',*,*,#661,.T.);
#530=ORIENTED_EDGE('',*,*,#691,.T.);
#531=ORIENTED_EDGE('',*,*,#688,.F.);
#532=ORIENTED_EDGE('',*,*,#659,.F.);
#533=ORIENTED_EDGE('',*,*,#633,.T.);
#534=ORIENTED_EDGE('',*,*,#690,.T.);
#535=ORIENTED_EDGE('',*,*,#692,.F.);
#536=ORIENTED_EDGE('',*,*,#693,.T.);
#537=ORIENTED_EDGE('',*,*,#660,.T.);
#538=ORIENTED_EDGE('',*,*,#692,.T.);
#539=ORIENTED_EDGE('',*,*,#689,.F.);
#540=ORIENTED_EDGE('',*,*,#691,.F.);
#541=ORIENTED_EDGE('',*,*,#629,.F.);
#542=ORIENTED_EDGE('',*,*,#694,.T.);
#543=ORIENTED_EDGE('',*,*,#694,.F.);
#544=ORIENTED_EDGE('',*,*,#695,.T.);
#545=ORIENTED_EDGE('',*,*,#695,.F.);
#546=ORIENTED_EDGE('',*,*,#696,.T.);
#547=ORIENTED_EDGE('',*,*,#697,.T.);
#548=ORIENTED_EDGE('',*,*,#696,.F.);
#549=ORIENTED_EDGE('',*,*,#698,.F.);
#550=ORIENTED_EDGE('',*,*,#669,.F.);
#551=ORIENTED_EDGE('',*,*,#698,.T.);
#552=ORIENTED_EDGE('',*,*,#699,.F.);
#553=ORIENTED_EDGE('',*,*,#699,.T.);
#554=ORIENTED_EDGE('',*,*,#697,.F.);
#555=ORIENTED_EDGE('',*,*,#700,.F.);
#556=ORIENTED_EDGE('',*,*,#700,.T.);
#557=ORIENTED_EDGE('',*,*,#693,.F.);
#558=ORIENTED_EDGE('',*,*,#701,.F.);
#559=ORIENTED_EDGE('',*,*,#701,.T.);
#560=ORIENTED_EDGE('',*,*,#687,.F.);
#561=ORIENTED_EDGE('',*,*,#702,.F.);
#562=ORIENTED_EDGE('',*,*,#702,.T.);
#563=ORIENTED_EDGE('',*,*,#676,.F.);
#564=ORIENTED_EDGE('',*,*,#703,.F.);
#565=ORIENTED_EDGE('',*,*,#703,.T.);
#566=ORIENTED_EDGE('',*,*,#670,.F.);
#567=EDGE_CURVE('',#704,#705,#809,.T.);
#568=EDGE_CURVE('',#705,#706,#107,.T.);
#569=EDGE_CURVE('',#707,#706,#810,.T.);
#570=EDGE_CURVE('',#704,#707,#108,.T.);
#571=EDGE_CURVE('',#707,#708,#109,.T.);
#572=EDGE_CURVE('',#709,#708,#110,.T.);
#573=EDGE_CURVE('',#704,#709,#111,.T.);
#574=EDGE_CURVE('',#705,#710,#112,.T.);
#575=EDGE_CURVE('',#710,#711,#113,.T.);
#576=EDGE_CURVE('',#706,#711,#114,.T.);
#577=EDGE_CURVE('',#708,#711,#811,.T.);
#578=EDGE_CURVE('',#709,#710,#812,.T.);
#579=EDGE_CURVE('',#712,#713,#813,.T.);
#580=EDGE_CURVE('',#713,#714,#115,.T.);
#581=EDGE_CURVE('',#715,#714,#814,.T.);
#582=EDGE_CURVE('',#712,#715,#116,.T.);
#583=EDGE_CURVE('',#715,#716,#117,.T.);
#584=EDGE_CURVE('',#717,#716,#118,.T.);
#585=EDGE_CURVE('',#712,#717,#119,.T.);
#586=EDGE_CURVE('',#713,#718,#120,.T.);
#587=EDGE_CURVE('',#718,#719,#121,.T.);
#588=EDGE_CURVE('',#714,#719,#122,.T.);
#589=EDGE_CURVE('',#716,#719,#815,.T.);
#590=EDGE_CURVE('',#717,#718,#816,.T.);
#591=EDGE_CURVE('',#720,#721,#817,.T.);
#592=EDGE_CURVE('',#721,#722,#123,.T.);
#593=EDGE_CURVE('',#723,#722,#818,.T.);
#594=EDGE_CURVE('',#720,#723,#124,.T.);
#595=EDGE_CURVE('',#723,#724,#125,.T.);
#596=EDGE_CURVE('',#725,#724,#126,.T.);
#597=EDGE_CURVE('',#720,#725,#127,.T.);
#598=EDGE_CURVE('',#721,#726,#128,.T.);
#599=EDGE_CURVE('',#726,#727,#129,.T.);
#600=EDGE_CURVE('',#722,#727,#130,.T.);
#601=EDGE_CURVE('',#724,#727,#819,.T.);
#602=EDGE_CURVE('',#725,#726,#820,.T.);
#603=EDGE_CURVE('',#728,#728,#821,.T.);
#604=EDGE_CURVE('',#729,#729,#822,.T.);
#605=EDGE_CURVE('',#730,#731,#131,.T.);
#606=EDGE_CURVE('',#732,#730,#823,.T.);
#607=EDGE_CURVE('',#732,#733,#132,.T.);
#608=EDGE_CURVE('',#733,#731,#824,.T.);
#609=EDGE_CURVE('',#734,#734,#825,.T.);
#610=EDGE_CURVE('',#735,#735,#826,.T.);
#611=EDGE_CURVE('',#736,#737,#827,.T.);
#612=EDGE_CURVE('',#737,#738,#133,.T.);
#613=EDGE_CURVE('',#739,#738,#828,.T.);
#614=EDGE_CURVE('',#736,#739,#134,.T.);
#615=EDGE_CURVE('',#740,#740,#829,.T.);
#616=EDGE_CURVE('',#741,#741,#830,.T.);
#617=EDGE_CURVE('',#731,#738,#135,.T.);
#618=EDGE_CURVE('',#730,#737,#136,.T.);
#619=EDGE_CURVE('',#732,#736,#137,.T.);
#620=EDGE_CURVE('',#733,#739,#138,.T.);
#621=EDGE_CURVE('',#742,#742,#831,.T.);
#622=EDGE_CURVE('',#744,#744,#832,.T.);
#623=EDGE_CURVE('',#745,#745,#833,.T.);
#624=EDGE_CURVE('',#746,#746,#834,.T.);
#625=EDGE_CURVE('',#747,#748,#139,.T.);
#626=EDGE_CURVE('',#747,#749,#13,.T.);
#627=EDGE_CURVE('',#749,#750,#140,.T.);
#628=EDGE_CURVE('',#748,#750,#835,.F.);
#629=EDGE_CURVE('',#751,#751,#14,.T.);
#630=EDGE_CURVE('',#752,#753,#141,.T.);
#631=EDGE_CURVE('',#752,#754,#142,.T.);
#632=EDGE_CURVE('',#754,#755,#143,.T.);
#633=EDGE_CURVE('',#756,#755,#144,.T.);
#634=EDGE_CURVE('',#757,#756,#145,.T.);
#635=EDGE_CURVE('',#757,#758,#146,.T.);
#636=EDGE_CURVE('',#758,#759,#147,.T.);
#637=EDGE_CURVE('',#760,#759,#148,.T.);
#638=EDGE_CURVE('',#761,#760,#149,.T.);
#639=EDGE_CURVE('',#761,#762,#150,.T.);
#640=EDGE_CURVE('',#762,#747,#151,.T.);
#641=EDGE_CURVE('',#753,#748,#152,.F.);
#642=EDGE_CURVE('',#763,#764,#153,.F.);
#643=EDGE_CURVE('',#764,#765,#154,.F.);
#644=EDGE_CURVE('',#765,#766,#155,.T.);
#645=EDGE_CURVE('',#750,#766,#156,.T.);
#646=EDGE_CURVE('',#749,#767,#157,.F.);
#647=EDGE_CURVE('',#767,#768,#158,.F.);
#648=EDGE_CURVE('',#768,#769,#159,.T.);
#649=EDGE_CURVE('',#770,#769,#160,.F.);
#650=EDGE_CURVE('',#770,#771,#161,.F.);
#651=EDGE_CURVE('',#771,#772,#162,.F.);
#652=EDGE_CURVE('',#772,#773,#163,.T.);
#653=EDGE_CURVE('',#763,#773,#164,.F.);
#654=EDGE_CURVE('',#767,#762,#165,.T.);
#655=EDGE_CURVE('',#768,#761,#166,.T.);
#656=EDGE_CURVE('',#760,#774,#167,.T.);
#657=EDGE_CURVE('',#775,#774,#168,.T.);
#658=EDGE_CURVE('',#757,#775,#169,.T.);
#659=EDGE_CURVE('',#756,#776,#170,.T.);
#660=EDGE_CURVE('',#777,#776,#171,.T.);
#661=EDGE_CURVE('',#752,#777,#172,.T.);
#662=EDGE_CURVE('',#766,#753,#173,.T.);
#663=EDGE_CURVE('',#778,#765,#174,.T.);
#664=EDGE_CURVE('',#778,#779,#175,.T.);
#665=EDGE_CURVE('',#779,#773,#176,.T.);
#666=EDGE_CURVE('',#780,#772,#177,.T.);
#667=EDGE_CURVE('',#780,#781,#178,.T.);
#668=EDGE_CURVE('',#781,#769,#179,.T.);
#669=EDGE_CURVE('',#782,#782,#11,.T.);
#670=EDGE_CURVE('',#783,#783,#836,.T.);
#671=EDGE_CURVE('',#780,#784,#180,.T.);
#672=EDGE_CURVE('',#784,#785,#181,.T.);
#673=EDGE_CURVE('',#781,#785,#182,.T.);
#674=EDGE_CURVE('',#785,#770,#183,.T.);
#675=EDGE_CURVE('',#784,#771,#184,.T.);
#676=EDGE_CURVE('',#786,#786,#837,.T.);
#677=EDGE_CURVE('',#778,#787,#185,.T.);
#678=EDGE_CURVE('',#787,#788,#186,.T.);
#679=EDGE_CURVE('',#779,#788,#187,.T.);
#680=EDGE_CURVE('',#788,#763,#188,.T.);
#681=EDGE_CURVE('',#787,#764,#189,.T.);
#682=EDGE_CURVE('',#758,#789,#190,.T.);
#683=EDGE_CURVE('',#789,#790,#191,.T.);
#684=EDGE_CURVE('',#759,#790,#192,.T.);
#685=EDGE_CURVE('',#775,#789,#193,.T.);
#686=EDGE_CURVE('',#774,#790,#194,.T.);
#687=EDGE_CURVE('',#791,#791,#838,.T.);
#688=EDGE_CURVE('',#754,#792,#195,.T.);
#689=EDGE_CURVE('',#792,#793,#196,.T.);
#690=EDGE_CURVE('',#755,#793,#197,.T.);
#691=EDGE_CURVE('',#777,#792,#198,.T.);
#692=EDGE_CURVE('',#776,#793,#199,.T.);
#693=EDGE_CURVE('',#794,#794,#839,.T.);
#694=EDGE_CURVE('',#795,#795,#840,.T.);
#695=EDGE_CURVE('',#796,#796,#841,.T.);
#696=EDGE_CURVE('',#797,#797,#842,.T.);
#697=EDGE_CURVE('',#798,#798,#12,.T.);
#698=EDGE_CURVE('',#799,#799,#843,.F.);
#699=EDGE_CURVE('',#800,#800,#844,.F.);
#700=EDGE_CURVE('',#802,#802,#845,.T.);
#701=EDGE_CURVE('',#804,#804,#846,.T.);
#702=EDGE_CURVE('',#806,#806,#847,.T.);
#703=EDGE_CURVE('',#808,#808,#848,.T.);
#704=VERTEX_POINT('',#1626);
#705=VERTEX_POINT('',#1627);
#706=VERTEX_POINT('',#1629);
#707=VERTEX_POINT('',#1631);
#708=VERTEX_POINT('',#1635);
#709=VERTEX_POINT('',#1637);
#710=VERTEX_POINT('',#1641);
#711=VERTEX_POINT('',#1643);
#712=VERTEX_POINT('',#1650);
#713=VERTEX_POINT('',#1651);
#714=VERTEX_POINT('',#1653);
#715=VERTEX_POINT('',#1655);
#716=VERTEX_POINT('',#1659);
#717=VERTEX_POINT('',#1661);
#718=VERTEX_POINT('',#1665);
#719=VERTEX_POINT('',#1667);
#720=VERTEX_POINT('',#1674);
#721=VERTEX_POINT('',#1675);
#722=VERTEX_POINT('',#1677);
#723=VERTEX_POINT('',#1679);
#724=VERTEX_POINT('',#1683);
#725=VERTEX_POINT('',#1685);
#726=VERTEX_POINT('',#1689);
#727=VERTEX_POINT('',#1691);
#728=VERTEX_POINT('',#1698);
#729=VERTEX_POINT('',#1700);
#730=VERTEX_POINT('',#1702);
#731=VERTEX_POINT('',#1703);
#732=VERTEX_POINT('',#1705);
#733=VERTEX_POINT('',#1707);
#734=VERTEX_POINT('',#1711);
#735=VERTEX_POINT('',#1713);
#736=VERTEX_POINT('',#1715);
#737=VERTEX_POINT('',#1716);
#738=VERTEX_POINT('',#1718);
#739=VERTEX_POINT('',#1720);
#740=VERTEX_POINT('',#1725);
#741=VERTEX_POINT('',#1728);
#742=VERTEX_POINT('',#1741);
#743=VERTEX_POINT('',#1742);
#744=VERTEX_POINT('',#1745);
#745=VERTEX_POINT('',#1748);
#746=VERTEX_POINT('',#1751);
#747=VERTEX_POINT('',#1860);
#748=VERTEX_POINT('',#1861);
#749=VERTEX_POINT('',#1876);
#750=VERTEX_POINT('',#1878);
#751=VERTEX_POINT('',#1893);
#752=VERTEX_POINT('',#1896);
#753=VERTEX_POINT('',#1897);
#754=VERTEX_POINT('',#1899);
#755=VERTEX_POINT('',#1901);
#756=VERTEX_POINT('',#1903);
#757=VERTEX_POINT('',#1905);
#758=VERTEX_POINT('',#1907);
#759=VERTEX_POINT('',#1909);
#760=VERTEX_POINT('',#1911);
#761=VERTEX_POINT('',#1913);
#762=VERTEX_POINT('',#1915);
#763=VERTEX_POINT('',#1920);
#764=VERTEX_POINT('',#1921);
#765=VERTEX_POINT('',#1923);
#766=VERTEX_POINT('',#1925);
#767=VERTEX_POINT('',#1928);
#768=VERTEX_POINT('',#1930);
#769=VERTEX_POINT('',#1932);
#770=VERTEX_POINT('',#1934);
#771=VERTEX_POINT('',#1936);
#772=VERTEX_POINT('',#1938);
#773=VERTEX_POINT('',#1940);
#774=VERTEX_POINT('',#1947);
#775=VERTEX_POINT('',#1949);
#776=VERTEX_POINT('',#1952);
#777=VERTEX_POINT('',#1954);
#778=VERTEX_POINT('',#1958);
#779=VERTEX_POINT('',#1960);
#780=VERTEX_POINT('',#1963);
#781=VERTEX_POINT('',#1965);
#782=VERTEX_POINT('',#1969);
#783=VERTEX_POINT('',#1973);
#784=VERTEX_POINT('',#1975);
#785=VERTEX_POINT('',#1977);
#786=VERTEX_POINT('',#1986);
#787=VERTEX_POINT('',#1988);
#788=VERTEX_POINT('',#1990);
#789=VERTEX_POINT('',#1999);
#790=VERTEX_POINT('',#2001);
#791=VERTEX_POINT('',#2009);
#792=VERTEX_POINT('',#2012);
#793=VERTEX_POINT('',#2014);
#794=VERTEX_POINT('',#2022);
#795=VERTEX_POINT('',#2025);
#796=VERTEX_POINT('',#2028);
#797=VERTEX_POINT('',#2031);
#798=VERTEX_POINT('',#2034);
#799=VERTEX_POINT('',#2037);
#800=VERTEX_POINT('',#2040);
#801=VERTEX_POINT('',#2043);
#802=VERTEX_POINT('',#2045);
#803=VERTEX_POINT('',#2048);
#804=VERTEX_POINT('',#2050);
#805=VERTEX_POINT('',#2053);
#806=VERTEX_POINT('',#2055);
#807=VERTEX_POINT('',#2058);
#808=VERTEX_POINT('',#2060);
#809=CIRCLE('',#1184,0.00324592925381588);
#810=CIRCLE('',#1185,0.00324592925381588);
#811=CIRCLE('',#1189,0.0164595556157661);
#812=CIRCLE('',#1190,0.0164595556157661);
#813=CIRCLE('',#1192,0.00324592925381588);
#814=CIRCLE('',#1193,0.00324592925381588);
#815=CIRCLE('',#1197,0.0164595556157661);
#816=CIRCLE('',#1198,0.0164595556157661);
#817=CIRCLE('',#1200,0.00324592925381588);
#818=CIRCLE('',#1201,0.00324592925381588);
#819=CIRCLE('',#1205,0.0164595556157661);
#820=CIRCLE('',#1206,0.0164595556157661);
#821=CIRCLE('',#1208,0.0005);
#822=CIRCLE('',#1209,0.0254);
#823=CIRCLE('',#1210,0.00324592925381588);
#824=CIRCLE('',#1211,0.0164595556157661);
#825=CIRCLE('',#1213,0.0005);
#826=CIRCLE('',#1214,0.01905);
#827=CIRCLE('',#1215,0.00324592925381588);
#828=CIRCLE('',#1216,0.0164595556157661);
#829=CIRCLE('',#1219,0.0254);
#830=CIRCLE('',#1221,0.01905);
#831=CIRCLE('',#1229,0.0006096);
#832=CIRCLE('',#1231,0.000609600000000015);
#833=CIRCLE('',#1233,0.0015875);
#834=CIRCLE('',#1235,0.0015875);
#835=CIRCLE('',#1241,0.043153778739126);
#836=CIRCLE('',#1250,0.0005);
#837=CIRCLE('',#1255,0.0005);
#838=CIRCLE('',#1263,0.0005);
#839=CIRCLE('',#1268,0.0005);
#840=CIRCLE('',#1270,0.00507858647894977);
#841=CIRCLE('',#1272,0.0070866);
#842=CIRCLE('',#1274,0.0070866);
#843=CIRCLE('',#1278,0.00381);
#844=CIRCLE('',#1280,0.00381);
#845=CIRCLE('',#1283,0.0005);
#846=CIRCLE('',#1286,0.0005);
#847=CIRCLE('',#1289,0.0005);
#848=CIRCLE('',#1292,0.0005);
#849=EDGE_LOOP('',(#293,#294,#295,#296));
#850=EDGE_LOOP('',(#297,#298,#299,#300));
#851=EDGE_LOOP('',(#301,#302,#303,#304));
#852=EDGE_LOOP('',(#305,#306,#307,#308));
#853=EDGE_LOOP('',(#309,#310,#311,#312));
#854=EDGE_LOOP('',(#313,#314,#315,#316));
#855=EDGE_LOOP('',(#317,#318,#319,#320));
#856=EDGE_LOOP('',(#321,#322,#323,#324));
#857=EDGE_LOOP('',(#325,#326,#327,#328));
#858=EDGE_LOOP('',(#329,#330,#331,#332));
#859=EDGE_LOOP('',(#333,#334,#335,#336));
#860=EDGE_LOOP('',(#337,#338,#339,#340));
#861=EDGE_LOOP('',(#341,#342,#343,#344));
#862=EDGE_LOOP('',(#345,#346,#347,#348));
#863=EDGE_LOOP('',(#349,#350,#351,#352));
#864=EDGE_LOOP('',(#353));
#865=EDGE_LOOP('',(#354));
#866=EDGE_LOOP('',(#355,#356,#357,#358));
#867=EDGE_LOOP('',(#359,#360,#361,#362));
#868=EDGE_LOOP('',(#363,#364,#365,#366));
#869=EDGE_LOOP('',(#367,#368,#369,#370));
#870=EDGE_LOOP('',(#371));
#871=EDGE_LOOP('',(#372));
#872=EDGE_LOOP('',(#373,#374,#375,#376));
#873=EDGE_LOOP('',(#377));
#874=EDGE_LOOP('',(#378));
#875=EDGE_LOOP('',(#379));
#876=EDGE_LOOP('',(#380));
#877=EDGE_LOOP('',(#381));
#878=EDGE_LOOP('',(#382));
#879=EDGE_LOOP('',(#383));
#880=EDGE_LOOP('',(#384));
#881=EDGE_LOOP('',(#385,#386,#387,#388));
#882=EDGE_LOOP('',(#389,#390,#391,#392));
#883=EDGE_LOOP('',(#393,#394,#395,#396));
#884=EDGE_LOOP('',(#397,#398,#399,#400));
#885=EDGE_LOOP('',(#401));
#886=EDGE_LOOP('',(#402));
#887=EDGE_LOOP('',(#403));
#888=EDGE_LOOP('',(#404));
#889=EDGE_LOOP('',(#405));
#890=EDGE_LOOP('',(#406));
#891=EDGE_LOOP('',(#407));
#892=EDGE_LOOP('',(#408));
#893=EDGE_LOOP('',(#409,#410,#411,#412));
#894=EDGE_LOOP('',(#413));
#895=EDGE_LOOP('',(#414,#415,#416,#417,#418,#419,#420,#421,#422,#423,#424,
#425,#426));
#896=EDGE_LOOP('',(#427,#428,#429,#430,#431,#432,#433,#434,#435,#436,#437,
#438,#439));
#897=EDGE_LOOP('',(#440,#441,#442,#443));
#898=EDGE_LOOP('',(#444,#445,#446,#447,#448,#449,#450,#451,#452,#453,#454,
#455,#456,#457,#458,#459,#460,#461,#462,#463));
#899=EDGE_LOOP('',(#464));
#900=EDGE_LOOP('',(#465,#466,#467,#468));
#901=EDGE_LOOP('',(#469,#470,#471,#472));
#902=EDGE_LOOP('',(#473));
#903=EDGE_LOOP('',(#474,#475,#476,#477));
#904=EDGE_LOOP('',(#478,#479,#480,#481));
#905=EDGE_LOOP('',(#482,#483,#484,#485));
#906=EDGE_LOOP('',(#486,#487,#488,#489));
#907=EDGE_LOOP('',(#490));
#908=EDGE_LOOP('',(#491,#492,#493,#494));
#909=EDGE_LOOP('',(#495,#496,#497,#498));
#910=EDGE_LOOP('',(#499,#500,#501,#502));
#911=EDGE_LOOP('',(#503,#504,#505,#506));
#912=EDGE_LOOP('',(#507,#508,#509,#510));
#913=EDGE_LOOP('',(#511,#512,#513,#514));
#914=EDGE_LOOP('',(#515,#516,#517,#518));
#915=EDGE_LOOP('',(#519));
#916=EDGE_LOOP('',(#520,#521,#522,#523));
#917=EDGE_LOOP('',(#524,#525,#526,#527));
#918=EDGE_LOOP('',(#528,#529,#530,#531));
#919=EDGE_LOOP('',(#532,#533,#534,#535));
#920=EDGE_LOOP('',(#536));
#921=EDGE_LOOP('',(#537,#538,#539,#540));
#922=EDGE_LOOP('',(#541));
#923=EDGE_LOOP('',(#542));
#924=EDGE_LOOP('',(#543));
#925=EDGE_LOOP('',(#544));
#926=EDGE_LOOP('',(#545));
#927=EDGE_LOOP('',(#546));
#928=EDGE_LOOP('',(#547));
#929=EDGE_LOOP('',(#548));
#930=EDGE_LOOP('',(#549));
#931=EDGE_LOOP('',(#550));
#932=EDGE_LOOP('',(#551));
#933=EDGE_LOOP('',(#552));
#934=EDGE_LOOP('',(#553));
#935=EDGE_LOOP('',(#554));
#936=EDGE_LOOP('',(#555));
#937=EDGE_LOOP('',(#556));
#938=EDGE_LOOP('',(#557));
#939=EDGE_LOOP('',(#558));
#940=EDGE_LOOP('',(#559));
#941=EDGE_LOOP('',(#560));
#942=EDGE_LOOP('',(#561));
#943=EDGE_LOOP('',(#562));
#944=EDGE_LOOP('',(#563));
#945=EDGE_LOOP('',(#564));
#946=EDGE_LOOP('',(#565));
#947=EDGE_LOOP('',(#566));
#948=FACE_BOUND('',#849,.T.);
#949=FACE_BOUND('',#850,.T.);
#950=FACE_BOUND('',#851,.T.);
#951=FACE_BOUND('',#852,.T.);
#952=FACE_BOUND('',#853,.T.);
#953=FACE_BOUND('',#854,.T.);
#954=FACE_BOUND('',#855,.T.);
#955=FACE_BOUND('',#856,.T.);
#956=FACE_BOUND('',#857,.T.);
#957=FACE_BOUND('',#858,.T.);
#958=FACE_BOUND('',#859,.T.);
#959=FACE_BOUND('',#860,.T.);
#960=FACE_BOUND('',#861,.T.);
#961=FACE_BOUND('',#862,.T.);
#962=FACE_BOUND('',#863,.T.);
#963=FACE_BOUND('',#864,.T.);
#964=FACE_BOUND('',#865,.T.);
#965=FACE_BOUND('',#866,.T.);
#966=FACE_BOUND('',#867,.T.);
#967=FACE_BOUND('',#868,.T.);
#968=FACE_BOUND('',#869,.T.);
#969=FACE_BOUND('',#870,.T.);
#970=FACE_BOUND('',#871,.T.);
#971=FACE_BOUND('',#872,.T.);
#972=FACE_BOUND('',#873,.T.);
#973=FACE_BOUND('',#874,.T.);
#974=FACE_BOUND('',#875,.T.);
#975=FACE_BOUND('',#876,.T.);
#976=FACE_BOUND('',#877,.T.);
#977=FACE_BOUND('',#878,.T.);
#978=FACE_BOUND('',#879,.T.);
#979=FACE_BOUND('',#880,.T.);
#980=FACE_BOUND('',#881,.T.);
#981=FACE_BOUND('',#882,.T.);
#982=FACE_BOUND('',#883,.T.);
#983=FACE_BOUND('',#884,.T.);
#984=FACE_BOUND('',#885,.T.);
#985=FACE_BOUND('',#17,.T.);
#986=FACE_BOUND('',#886,.T.);
#987=FACE_BOUND('',#887,.T.);
#988=FACE_BOUND('',#888,.T.);
#989=FACE_BOUND('',#889,.T.);
#990=FACE_BOUND('',#890,.T.);
#991=FACE_BOUND('',#891,.T.);
#992=FACE_BOUND('',#892,.T.);
#993=FACE_BOUND('',#893,.T.);
#994=FACE_BOUND('',#894,.T.);
#995=FACE_BOUND('',#895,.T.);
#996=FACE_BOUND('',#896,.T.);
#997=FACE_BOUND('',#897,.T.);
#998=FACE_BOUND('',#898,.T.);
#999=FACE_BOUND('',#899,.T.);
#1000=FACE_BOUND('',#900,.T.);
#1001=FACE_BOUND('',#901,.T.);
#1002=FACE_BOUND('',#902,.T.);
#1003=FACE_BOUND('',#903,.T.);
#1004=FACE_BOUND('',#904,.T.);
#1005=FACE_BOUND('',#905,.T.);
#1006=FACE_BOUND('',#906,.T.);
#1007=FACE_BOUND('',#907,.T.);
#1008=FACE_BOUND('',#908,.T.);
#1009=FACE_BOUND('',#909,.T.);
#1010=FACE_BOUND('',#910,.T.);
#1011=FACE_BOUND('',#911,.T.);
#1012=FACE_BOUND('',#912,.T.);
#1013=FACE_BOUND('',#913,.T.);
#1014=FACE_BOUND('',#914,.T.);
#1015=FACE_BOUND('',#915,.T.);
#1016=FACE_BOUND('',#916,.T.);
#1017=FACE_BOUND('',#917,.T.);
#1018=FACE_BOUND('',#918,.T.);
#1019=FACE_BOUND('',#919,.T.);
#1020=FACE_BOUND('',#920,.T.);
#1021=FACE_BOUND('',#921,.T.);
#1022=FACE_BOUND('',#922,.T.);
#1023=FACE_BOUND('',#923,.T.);
#1024=FACE_BOUND('',#924,.T.);
#1025=FACE_BOUND('',#925,.T.);
#1026=FACE_BOUND('',#926,.T.);
#1027=FACE_BOUND('',#927,.T.);
#1028=FACE_BOUND('',#928,.T.);
#1029=FACE_BOUND('',#929,.T.);
#1030=FACE_BOUND('',#930,.T.);
#1031=FACE_BOUND('',#931,.T.);
#1032=FACE_BOUND('',#932,.T.);
#1033=FACE_BOUND('',#933,.T.);
#1034=FACE_BOUND('',#934,.T.);
#1035=FACE_BOUND('',#935,.T.);
#1036=FACE_BOUND('',#18,.T.);
#1037=FACE_BOUND('',#936,.T.);
#1038=FACE_BOUND('',#937,.T.);
#1039=FACE_BOUND('',#938,.T.);
#1040=FACE_BOUND('',#19,.T.);
#1041=FACE_BOUND('',#939,.T.);
#1042=FACE_BOUND('',#940,.T.);
#1043=FACE_BOUND('',#941,.T.);
#1044=FACE_BOUND('',#20,.T.);
#1045=FACE_BOUND('',#942,.T.);
#1046=FACE_BOUND('',#943,.T.);
#1047=FACE_BOUND('',#944,.T.);
#1048=FACE_BOUND('',#21,.T.);
#1049=FACE_BOUND('',#945,.T.);
#1050=FACE_BOUND('',#946,.T.);
#1051=FACE_BOUND('',#947,.T.);
#1052=CYLINDRICAL_SURFACE('',#1183,0.00324592925381588);
#1053=CYLINDRICAL_SURFACE('',#1188,0.0164595556157661);
#1054=CYLINDRICAL_SURFACE('',#1191,0.00324592925381588);
#1055=CYLINDRICAL_SURFACE('',#1196,0.0164595556157661);
#1056=CYLINDRICAL_SURFACE('',#1199,0.00324592925381588);
#1057=CYLINDRICAL_SURFACE('',#1204,0.0164595556157661);
#1058=CYLINDRICAL_SURFACE('',#1217,0.0005);
#1059=CYLINDRICAL_SURFACE('',#1218,0.0254);
#1060=CYLINDRICAL_SURFACE('',#1222,0.01905);
#1061=CYLINDRICAL_SURFACE('',#1224,0.00324592925381588);
#1062=CYLINDRICAL_SURFACE('',#1226,0.0164595556157661);
#1063=CYLINDRICAL_SURFACE('',#1230,0.000609600000000009);
#1064=CYLINDRICAL_SURFACE('',#1234,0.0015875);
#1065=CYLINDRICAL_SURFACE('',#1269,0.00507858647894976);
#1066=CYLINDRICAL_SURFACE('',#1273,0.0070866);
#1067=CYLINDRICAL_SURFACE('',#1277,0.00380960975973274);
#1068=CYLINDRICAL_SURFACE('',#1281,0.00380960975973274);
#1069=CYLINDRICAL_SURFACE('',#1284,0.0005);
#1070=CYLINDRICAL_SURFACE('',#1287,0.0005);
#1071=CYLINDRICAL_SURFACE('',#1290,0.0005);
#1072=CYLINDRICAL_SURFACE('',#1293,0.0005);
#1073=ADVANCED_FACE('',(#948),#1052,.T.);
#1074=ADVANCED_FACE('',(#949),#70,.F.);
#1075=ADVANCED_FACE('',(#950),#71,.T.);
#1076=ADVANCED_FACE('',(#951),#1053,.F.);
#1077=ADVANCED_FACE('',(#952),#1054,.T.);
#1078=ADVANCED_FACE('',(#953),#72,.F.);
#1079=ADVANCED_FACE('',(#954),#73,.T.);
#1080=ADVANCED_FACE('',(#955),#1055,.F.);
#1081=ADVANCED_FACE('',(#956),#1056,.T.);
#1082=ADVANCED_FACE('',(#957),#74,.F.);
#1083=ADVANCED_FACE('',(#958),#75,.T.);
#1084=ADVANCED_FACE('',(#959),#1057,.F.);
#1085=ADVANCED_FACE('',(#960,#961,#962,#963,#964,#965),#76,.F.);
#1086=ADVANCED_FACE('',(#966,#967,#968,#969,#970,#971),#77,.T.);
#1087=ADVANCED_FACE('',(#972,#973),#1058,.F.);
#1088=ADVANCED_FACE('',(#974,#975),#1059,.T.);
#1089=ADVANCED_FACE('',(#976,#977),#78,.T.);
#1090=ADVANCED_FACE('',(#978,#979),#1060,.F.);
#1091=ADVANCED_FACE('',(#980),#79,.T.);
#1092=ADVANCED_FACE('',(#981),#1061,.T.);
#1093=ADVANCED_FACE('',(#982),#80,.F.);
#1094=ADVANCED_FACE('',(#983),#1062,.F.);
#1095=ADVANCED_FACE('',(#984,#985),#22,.T.);
#1096=ADVANCED_FACE('',(#986,#987),#1063,.T.);
#1097=ADVANCED_FACE('',(#988,#989),#81,.F.);
#1098=ADVANCED_FACE('',(#990,#991),#1064,.T.);
#1099=ADVANCED_FACE('',(#992),#82,.F.);
#1100=ADVANCED_FACE('',(#993,#994),#15,.T.);
#1101=ADVANCED_FACE('',(#995),#83,.T.);
#1102=ADVANCED_FACE('',(#996),#84,.F.);
#1103=ADVANCED_FACE('',(#997),#85,.T.);
#1104=ADVANCED_FACE('',(#998),#86,.T.);
#1105=ADVANCED_FACE('',(#999,#1000),#87,.F.);
#1106=ADVANCED_FACE('',(#1001),#88,.T.);
#1107=ADVANCED_FACE('',(#1002,#1003),#89,.T.);
#1108=ADVANCED_FACE('',(#1004),#90,.T.);
#1109=ADVANCED_FACE('',(#1005),#91,.F.);
#1110=ADVANCED_FACE('',(#1006),#92,.F.);
#1111=ADVANCED_FACE('',(#1007,#1008),#93,.T.);
#1112=ADVANCED_FACE('',(#1009),#94,.T.);
#1113=ADVANCED_FACE('',(#1010),#95,.F.);
#1114=ADVANCED_FACE('',(#1011),#96,.F.);
#1115=ADVANCED_FACE('',(#1012),#97,.F.);
#1116=ADVANCED_FACE('',(#1013),#98,.F.);
#1117=ADVANCED_FACE('',(#1014),#99,.T.);
#1118=ADVANCED_FACE('',(#1015,#1016),#100,.F.);
#1119=ADVANCED_FACE('',(#1017),#101,.F.);
#1120=ADVANCED_FACE('',(#1018),#102,.F.);
#1121=ADVANCED_FACE('',(#1019),#103,.T.);
#1122=ADVANCED_FACE('',(#1020,#1021),#104,.F.);
#1123=ADVANCED_FACE('',(#1022,#1023),#1065,.T.);
#1124=ADVANCED_FACE('',(#1024,#1025),#105,.F.);
#1125=ADVANCED_FACE('',(#1026,#1027),#1066,.T.);
#1126=ADVANCED_FACE('',(#1028,#1029),#106,.F.);
#1127=ADVANCED_FACE('',(#1030,#1031),#1067,.F.);
#1128=ADVANCED_FACE('',(#1032,#1033),#10,.F.);
#1129=ADVANCED_FACE('',(#1034,#1035),#1068,.F.);
#1130=ADVANCED_FACE('',(#1036,#1037),#23,.F.);
#1131=ADVANCED_FACE('',(#1038,#1039),#1069,.F.);
#1132=ADVANCED_FACE('',(#1040,#1041),#24,.F.);
#1133=ADVANCED_FACE('',(#1042,#1043),#1070,.F.);
#1134=ADVANCED_FACE('',(#1044,#1045),#25,.F.);
#1135=ADVANCED_FACE('',(#1046,#1047),#1071,.F.);
#1136=ADVANCED_FACE('',(#1048,#1049),#26,.F.);
#1137=ADVANCED_FACE('',(#1050,#1051),#1072,.F.);
#1138=CLOSED_SHELL('',(#1073,#1074,#1075,#1076,#1077,#1078,#1079,#1080,
#1081,#1082,#1083,#1084,#1085,#1086,#1087,#1088,#1089,#1090,#1091,#1092,
#1093,#1094));
#1139=CLOSED_SHELL('',(#1095,#1096,#1097,#1098,#1099));
#1140=CLOSED_SHELL('',(#1100,#1101,#1102,#1103,#1104,#1105,#1106,#1107,
#1108,#1109,#1110,#1111,#1112,#1113,#1114,#1115,#1116,#1117,#1118,#1119,
#1120,#1121,#1122,#1123,#1124,#1125,#1126,#1127,#1128,#1129,#1130,#1131,
#1132,#1133,#1134,#1135,#1136,#1137));
#1141=STYLED_ITEM('',(#1144),#1171);
#1142=STYLED_ITEM('',(#1146),#1172);
#1143=STYLED_ITEM('',(#1147),#1173);
#1144=PRESENTATION_STYLE_ASSIGNMENT((#1148));
#1145=PRESENTATION_STYLE_ASSIGNMENT((#1149));
#1146=PRESENTATION_STYLE_ASSIGNMENT((#1150));
#1147=PRESENTATION_STYLE_ASSIGNMENT((#1151));
#1148=SURFACE_STYLE_USAGE(.BOTH.,#1152);
#1149=SURFACE_STYLE_USAGE(.BOTH.,#1153);
#1150=SURFACE_STYLE_USAGE(.BOTH.,#1154);
#1151=SURFACE_STYLE_USAGE(.BOTH.,#1155);
#1152=SURFACE_SIDE_STYLE('',(#1156));
#1153=SURFACE_SIDE_STYLE('',(#1157));
#1154=SURFACE_SIDE_STYLE('',(#1158));
#1155=SURFACE_SIDE_STYLE('',(#1159));
#1156=SURFACE_STYLE_FILL_AREA(#1160);
#1157=SURFACE_STYLE_FILL_AREA(#1161);
#1158=SURFACE_STYLE_FILL_AREA(#1162);
#1159=SURFACE_STYLE_FILL_AREA(#1163);
#1160=FILL_AREA_STYLE('',(#1164));
#1161=FILL_AREA_STYLE('',(#1165));
#1162=FILL_AREA_STYLE('',(#1166));
#1163=FILL_AREA_STYLE('',(#1167));
#1164=FILL_AREA_STYLE_COLOUR('',#1168);
#1165=FILL_AREA_STYLE_COLOUR('',#1169);
#1166=FILL_AREA_STYLE_COLOUR('',#1170);
#1167=FILL_AREA_STYLE_COLOUR('',#16);
#1168=COLOUR_RGB('',0.301960784313725,0.301960784313725,0.301960784313725);
#1169=COLOUR_RGB('',0.913725490196078,0.647058823529412,0.329411764705883);
#1170=COLOUR_RGB('',0.647058823529412,0.647058823529412,0.647058823529412);
#1171=MANIFOLD_SOLID_BREP('Part 1',#1138);
#1172=MANIFOLD_SOLID_BREP('Part 1',#1139);
#1173=MANIFOLD_SOLID_BREP('Part 1',#1140);
#1174=SHAPE_DEFINITION_REPRESENTATION(#2078,#1178);
#1175=SHAPE_DEFINITION_REPRESENTATION(#2079,#1179);
#1176=SHAPE_DEFINITION_REPRESENTATION(#2081,#1180);
#1177=SHAPE_DEFINITION_REPRESENTATION(#2086,#1181);
#1178=SHAPE_REPRESENTATION('Assembly 1',(#1182,#1227,#1237,#1238,#1239,
#1240,#1294,#1295,#1296,#1297),#2067);
#1179=SHAPE_REPRESENTATION('Part 1',(#1182),#2068);
#1180=SHAPE_REPRESENTATION('Part 1',(#1182),#2069);
#1181=SHAPE_REPRESENTATION('Part 1',(#1182),#2070);
#1182=AXIS2_PLACEMENT_3D('',#1623,#1298,#1299);
#1183=AXIS2_PLACEMENT_3D('',#1624,#1300,#1301);
#1184=AXIS2_PLACEMENT_3D('',#1625,#1302,#1303);
#1185=AXIS2_PLACEMENT_3D('',#1630,#1305,#1306);
#1186=AXIS2_PLACEMENT_3D('',#1633,#1308,#1309);
#1187=AXIS2_PLACEMENT_3D('',#1639,#1313,#1314);
#1188=AXIS2_PLACEMENT_3D('',#1645,#1318,#1319);
#1189=AXIS2_PLACEMENT_3D('',#1646,#1320,#1321);
#1190=AXIS2_PLACEMENT_3D('',#1647,#1322,#1323);
#1191=AXIS2_PLACEMENT_3D('',#1648,#1324,#1325);
#1192=AXIS2_PLACEMENT_3D('',#1649,#1326,#1327);
#1193=AXIS2_PLACEMENT_3D('',#1654,#1329,#1330);
#1194=AXIS2_PLACEMENT_3D('',#1657,#1332,#1333);
#1195=AXIS2_PLACEMENT_3D('',#1663,#1337,#1338);
#1196=AXIS2_PLACEMENT_3D('',#1669,#1342,#1343);
#1197=AXIS2_PLACEMENT_3D('',#1670,#1344,#1345);
#1198=AXIS2_PLACEMENT_3D('',#1671,#1346,#1347);
#1199=AXIS2_PLACEMENT_3D('',#1672,#1348,#1349);
#1200=AXIS2_PLACEMENT_3D('',#1673,#1350,#1351);
#1201=AXIS2_PLACEMENT_3D('',#1678,#1353,#1354);
#1202=AXIS2_PLACEMENT_3D('',#1681,#1356,#1357);
#1203=AXIS2_PLACEMENT_3D('',#1687,#1361,#1362);
#1204=AXIS2_PLACEMENT_3D('',#1693,#1366,#1367);
#1205=AXIS2_PLACEMENT_3D('',#1694,#1368,#1369);
#1206=AXIS2_PLACEMENT_3D('',#1695,#1370,#1371);
#1207=AXIS2_PLACEMENT_3D('',#1696,#1372,#1373);
#1208=AXIS2_PLACEMENT_3D('',#1697,#1374,#1375);
#1209=AXIS2_PLACEMENT_3D('',#1699,#1376,#1377);
#1210=AXIS2_PLACEMENT_3D('',#1704,#1379,#1380);
#1211=AXIS2_PLACEMENT_3D('',#1708,#1382,#1383);
#1212=AXIS2_PLACEMENT_3D('',#1709,#1384,#1385);
#1213=AXIS2_PLACEMENT_3D('',#1710,#1386,#1387);
#1214=AXIS2_PLACEMENT_3D('',#1712,#1388,#1389);
#1215=AXIS2_PLACEMENT_3D('',#1714,#1390,#1391);
#1216=AXIS2_PLACEMENT_3D('',#1719,#1393,#1394);
#1217=AXIS2_PLACEMENT_3D('',#1722,#1396,#1397);
#1218=AXIS2_PLACEMENT_3D('',#1723,#1398,#1399);
#1219=AXIS2_PLACEMENT_3D('',#1724,#1400,#1401);
#1220=AXIS2_PLACEMENT_3D('',#1726,#1402,#1403);
#1221=AXIS2_PLACEMENT_3D('',#1727,#1404,#1405);
#1222=AXIS2_PLACEMENT_3D('',#1729,#1406,#1407);
#1223=AXIS2_PLACEMENT_3D('',#1730,#1408,#1409);
#1224=AXIS2_PLACEMENT_3D('',#1733,#1412,#1413);
#1225=AXIS2_PLACEMENT_3D('',#1735,#1415,#1416);
#1226=AXIS2_PLACEMENT_3D('',#1737,#1418,#1419);
#1227=AXIS2_PLACEMENT_3D('',#1738,#1420,#1421);
#1228=AXIS2_PLACEMENT_3D('',#1739,#1422,#1423);
#1229=AXIS2_PLACEMENT_3D('',#1740,#1424,#1425);
#1230=AXIS2_PLACEMENT_3D('',#1743,#1426,#1427);
#1231=AXIS2_PLACEMENT_3D('',#1744,#1428,#1429);
#1232=AXIS2_PLACEMENT_3D('',#1746,#1430,#1431);
#1233=AXIS2_PLACEMENT_3D('',#1747,#1432,#1433);
#1234=AXIS2_PLACEMENT_3D('',#1749,#1434,#1435);
#1235=AXIS2_PLACEMENT_3D('',#1750,#1436,#1437);
#1236=AXIS2_PLACEMENT_3D('',#1752,#1438,#1439);
#1237=AXIS2_PLACEMENT_3D('',#1753,#1440,#1441);
#1238=AXIS2_PLACEMENT_3D('',#1754,#1442,#1443);
#1239=AXIS2_PLACEMENT_3D('',#1755,#1444,#1445);
#1240=AXIS2_PLACEMENT_3D('',#1756,#1446,#1447);
#1241=AXIS2_PLACEMENT_3D('',#1879,#1450,#1451);
#1242=AXIS2_PLACEMENT_3D('',#1894,#1452,#1453);
#1243=AXIS2_PLACEMENT_3D('',#1918,#1466,#1467);
#1244=AXIS2_PLACEMENT_3D('',#1942,#1480,#1481);
#1245=AXIS2_PLACEMENT_3D('',#1945,#1484,#1485);
#1246=AXIS2_PLACEMENT_3D('',#1967,#1499,#1500);
#1247=AXIS2_PLACEMENT_3D('',#1968,#1501,#1502);
#1248=AXIS2_PLACEMENT_3D('',#1970,#1503,#1504);
#1249=AXIS2_PLACEMENT_3D('',#1971,#1505,#1506);
#1250=AXIS2_PLACEMENT_3D('',#1972,#1507,#1508);
#1251=AXIS2_PLACEMENT_3D('',#1979,#1512,#1513);
#1252=AXIS2_PLACEMENT_3D('',#1981,#1515,#1516);
#1253=AXIS2_PLACEMENT_3D('',#1983,#1518,#1519);
#1254=AXIS2_PLACEMENT_3D('',#1984,#1520,#1521);
#1255=AXIS2_PLACEMENT_3D('',#1985,#1522,#1523);
#1256=AXIS2_PLACEMENT_3D('',#1992,#1527,#1528);
#1257=AXIS2_PLACEMENT_3D('',#1994,#1530,#1531);
#1258=AXIS2_PLACEMENT_3D('',#1996,#1533,#1534);
#1259=AXIS2_PLACEMENT_3D('',#1997,#1535,#1536);
#1260=AXIS2_PLACEMENT_3D('',#2003,#1540,#1541);
#1261=AXIS2_PLACEMENT_3D('',#2005,#1543,#1544);
#1262=AXIS2_PLACEMENT_3D('',#2007,#1546,#1547);
#1263=AXIS2_PLACEMENT_3D('',#2008,#1548,#1549);
#1264=AXIS2_PLACEMENT_3D('',#2010,#1550,#1551);
#1265=AXIS2_PLACEMENT_3D('',#2016,#1555,#1556);
#1266=AXIS2_PLACEMENT_3D('',#2018,#1558,#1559);
#1267=AXIS2_PLACEMENT_3D('',#2020,#1561,#1562);
#1268=AXIS2_PLACEMENT_3D('',#2021,#1563,#1564);
#1269=AXIS2_PLACEMENT_3D('',#2023,#1565,#1566);
#1270=AXIS2_PLACEMENT_3D('',#2024,#1567,#1568);
#1271=AXIS2_PLACEMENT_3D('',#2026,#1569,#1570);
#1272=AXIS2_PLACEMENT_3D('',#2027,#1571,#1572);
#1273=AXIS2_PLACEMENT_3D('',#2029,#1573,#1574);
#1274=AXIS2_PLACEMENT_3D('',#2030,#1575,#1576);
#1275=AXIS2_PLACEMENT_3D('',#2032,#1577,#1578);
#1276=AXIS2_PLACEMENT_3D('',#2033,#1579,#1580);
#1277=AXIS2_PLACEMENT_3D('',#2035,#1581,#1582);
#1278=AXIS2_PLACEMENT_3D('',#2036,#1583,#1584);
#1279=AXIS2_PLACEMENT_3D('',#2038,#1585,#1586);
#1280=AXIS2_PLACEMENT_3D('',#2039,#1587,#1588);
#1281=AXIS2_PLACEMENT_3D('',#2041,#1589,#1590);
#1282=AXIS2_PLACEMENT_3D('',#2042,#1591,#1592);
#1283=AXIS2_PLACEMENT_3D('',#2044,#1593,#1594);
#1284=AXIS2_PLACEMENT_3D('',#2046,#1595,#1596);
#1285=AXIS2_PLACEMENT_3D('',#2047,#1597,#1598);
#1286=AXIS2_PLACEMENT_3D('',#2049,#1599,#1600);
#1287=AXIS2_PLACEMENT_3D('',#2051,#1601,#1602);
#1288=AXIS2_PLACEMENT_3D('',#2052,#1603,#1604);
#1289=AXIS2_PLACEMENT_3D('',#2054,#1605,#1606);
#1290=AXIS2_PLACEMENT_3D('',#2056,#1607,#1608);
#1291=AXIS2_PLACEMENT_3D('',#2057,#1609,#1610);
#1292=AXIS2_PLACEMENT_3D('',#2059,#1611,#1612);
#1293=AXIS2_PLACEMENT_3D('',#2061,#1613,#1614);
#1294=AXIS2_PLACEMENT_3D('',#2062,#1615,#1616);
#1295=AXIS2_PLACEMENT_3D('',#2063,#1617,#1618);
#1296=AXIS2_PLACEMENT_3D('',#2064,#1619,#1620);
#1297=AXIS2_PLACEMENT_3D('',#2065,#1621,#1622);
#1298=DIRECTION('',(0.,0.,1.));
#1299=DIRECTION('',(1.,0.,0.));
#1300=DIRECTION('',(-1.,0.,0.));
#1301=DIRECTION('',(0.,1.,-1.83697019872103E-16));
#1302=DIRECTION('',(-1.,0.,0.));
#1303=DIRECTION('',(0.,1.,-1.83697019872103E-16));
#1304=DIRECTION('',(-1.,0.,0.));
#1305=DIRECTION('',(-1.,0.,0.));
#1306=DIRECTION('',(1.06886092722907E-14,0.865464045600424,0.500971042848733));
#1307=DIRECTION('',(-1.,0.,0.));
#1308=DIRECTION('',(0.,-0.511604981948641,0.859220776311497));
#1309=DIRECTION('',(0.,-0.859220776311497,-0.511604981948641));
#1310=DIRECTION('',(0.,0.859220776311497,0.511604981948641));
#1311=DIRECTION('',(-1.,0.,0.));
#1312=DIRECTION('',(0.,0.859220776311497,0.511604981948641));
#1313=DIRECTION('',(0.,0.511604981948641,0.859220776311496));
#1314=DIRECTION('',(0.,-0.859220776311497,0.511604981948641));
#1315=DIRECTION('',(0.,0.859220776311497,-0.511604981948641));
#1316=DIRECTION('',(-1.,0.,0.));
#1317=DIRECTION('',(0.,0.859220776311496,-0.511604981948641));
#1318=DIRECTION('',(-1.,0.,0.));
#1319=DIRECTION('',(0.,1.,-1.83697019872103E-16));
#1320=DIRECTION('',(-1.,0.,0.));
#1321=DIRECTION('',(-1.6862894882194E-15,0.859220776311497,0.511604981948641));
#1322=DIRECTION('',(-1.,0.,0.));
#1323=DIRECTION('',(0.,1.,-1.83697019872103E-16));
#1324=DIRECTION('',(-1.,0.,0.));
#1325=DIRECTION('',(0.,-1.22464679914735E-16,-1.));
#1326=DIRECTION('',(-1.,0.,0.));
#1327=DIRECTION('',(0.,-1.22464679914735E-16,-1.));
#1328=DIRECTION('',(-1.,0.,0.));
#1329=DIRECTION('',(-1.,0.,0.));
#1330=DIRECTION('',(1.06886092722907E-14,0.500971042848733,-0.865464045600424));
#1331=DIRECTION('',(-1.,0.,0.));
#1332=DIRECTION('',(0.,0.859220776311497,0.511604981948641));
#1333=DIRECTION('',(0.,-0.511604981948641,0.859220776311497));
#1334=DIRECTION('',(0.,0.511604981948641,-0.859220776311497));
#1335=DIRECTION('',(-1.,0.,0.));
#1336=DIRECTION('',(0.,0.511604981948641,-0.859220776311497));
#1337=DIRECTION('',(0.,0.859220776311496,-0.511604981948641));
#1338=DIRECTION('',(0.,0.511604981948641,0.859220776311497));
#1339=DIRECTION('',(0.,-0.511604981948641,-0.859220776311497));
#1340=DIRECTION('',(-1.,0.,0.));
#1341=DIRECTION('',(0.,-0.511604981948641,-0.859220776311496));
#1342=DIRECTION('',(-1.,0.,0.));
#1343=DIRECTION('',(0.,-1.22464679914735E-16,-1.));
#1344=DIRECTION('',(-1.,0.,0.));
#1345=DIRECTION('',(-1.6862894882194E-15,0.511604981948641,-0.859220776311497));
#1346=DIRECTION('',(-1.,0.,0.));
#1347=DIRECTION('',(0.,-1.22464679914735E-16,-1.));
#1348=DIRECTION('',(-1.,0.,0.));
#1349=DIRECTION('',(0.,-1.,6.12323399573677E-17));
#1350=DIRECTION('',(-1.,0.,0.));
#1351=DIRECTION('',(0.,-1.,6.12323399573677E-17));
#1352=DIRECTION('',(-1.,0.,0.));
#1353=DIRECTION('',(-1.,0.,0.));
#1354=DIRECTION('',(1.06886092722907E-14,-0.865464045600424,-0.500971042848733));
#1355=DIRECTION('',(-1.,0.,0.));
#1356=DIRECTION('',(0.,0.511604981948641,-0.859220776311496));
#1357=DIRECTION('',(0.,0.859220776311497,0.511604981948641));
#1358=DIRECTION('',(0.,-0.859220776311497,-0.511604981948641));
#1359=DIRECTION('',(-1.,0.,0.));
#1360=DIRECTION('',(0.,-0.859220776311497,-0.511604981948641));
#1361=DIRECTION('',(0.,-0.511604981948641,-0.859220776311496));
#1362=DIRECTION('',(0.,0.859220776311497,-0.511604981948641));
#1363=DIRECTION('',(0.,-0.859220776311497,0.511604981948641));
#1364=DIRECTION('',(-1.,0.,0.));
#1365=DIRECTION('',(0.,-0.859220776311497,0.511604981948641));
#1366=DIRECTION('',(-1.,0.,0.));
#1367=DIRECTION('',(0.,-1.,6.12323399573677E-17));
#1368=DIRECTION('',(-1.,0.,0.));
#1369=DIRECTION('',(-1.6862894882194E-15,-0.859220776311497,-0.511604981948641));
#1370=DIRECTION('',(-1.,0.,0.));
#1371=DIRECTION('',(0.,-1.,6.12323399573677E-17));
#1372=DIRECTION('',(-1.,0.,0.));
#1373=DIRECTION('',(0.,-1.,0.));
#1374=DIRECTION('',(1.,0.,0.));
#1375=DIRECTION('',(0.,0.,-1.));
#1376=DIRECTION('',(-1.,0.,0.));
#1377=DIRECTION('',(0.,-1.,-1.36592399683213E-16));
#1378=DIRECTION('',(0.,0.511604981948641,0.859220776311497));
#1379=DIRECTION('',(-1.,0.,0.));
#1380=DIRECTION('',(0.,0.,1.));
#1381=DIRECTION('',(0.,-0.511604981948641,0.859220776311497));
#1382=DIRECTION('',(-1.,0.,0.));
#1383=DIRECTION('',(0.,0.,1.));
#1384=DIRECTION('',(-1.,0.,0.));
#1385=DIRECTION('',(0.,-1.,0.));
#1386=DIRECTION('',(1.,0.,0.));
#1387=DIRECTION('',(0.,0.,-1.));
#1388=DIRECTION('',(-1.,0.,0.));
#1389=DIRECTION('',(0.,-1.,-1.82123199577617E-16));
#1390=DIRECTION('',(-1.,0.,0.));
#1391=DIRECTION('',(1.06886092722907E-14,-0.500971042848733,0.865464045600424));
#1392=DIRECTION('',(0.,0.511604981948641,0.859220776311497));
#1393=DIRECTION('',(-1.,0.,0.));
#1394=DIRECTION('',(-1.6862894882194E-15,-0.511604981948641,0.859220776311497));
#1395=DIRECTION('',(0.,-0.511604981948641,0.859220776311497));
#1396=DIRECTION('',(1.,0.,0.));
#1397=DIRECTION('',(0.,0.,-1.));
#1398=DIRECTION('',(1.,0.,0.));
#1399=DIRECTION('',(0.,0.,-1.));
#1400=DIRECTION('',(-1.,0.,0.));
#1401=DIRECTION('',(0.,-1.,-1.36592399683213E-16));
#1402=DIRECTION('',(-1.,0.,0.));
#1403=DIRECTION('',(0.,-1.,0.));
#1404=DIRECTION('',(-1.,0.,0.));
#1405=DIRECTION('',(0.,-1.,-1.82123199577617E-16));
#1406=DIRECTION('',(-1.,0.,0.));
#1407=DIRECTION('',(0.,0.,1.));
#1408=DIRECTION('',(0.,-0.859220776311496,0.511604981948641));
#1409=DIRECTION('',(0.,-0.511604981948641,-0.859220776311497));
#1410=DIRECTION('',(-1.,0.,0.));
#1411=DIRECTION('',(-1.,0.,0.));
#1412=DIRECTION('',(-1.,0.,0.));
#1413=DIRECTION('',(0.,0.,1.));
#1414=DIRECTION('',(-1.,0.,0.));
#1415=DIRECTION('',(0.,-0.859220776311496,-0.511604981948641));
#1416=DIRECTION('',(0.,0.511604981948641,-0.859220776311497));
#1417=DIRECTION('',(-1.,0.,0.));
#1418=DIRECTION('',(-1.,0.,0.));
#1419=DIRECTION('',(0.,0.,1.));
#1420=DIRECTION('',(0.,0.,-1.));
#1421=DIRECTION('',(-1.,0.,0.));
#1422=DIRECTION('',(0.,-8.74191357972564E-16,1.));
#1423=DIRECTION('',(0.,-1.,-8.74191357972564E-16));
#1424=DIRECTION('',(0.,-8.74191357972564E-16,1.));
#1425=DIRECTION('',(0.,-1.,-8.74191357972564E-16));
#1426=DIRECTION('',(0.,-8.74191357972564E-16,1.));
#1427=DIRECTION('',(0.,-1.,-8.74191357972564E-16));
#1428=DIRECTION('',(0.,-8.74191357972564E-16,1.));
#1429=DIRECTION('',(0.,-1.,-8.74191357972564E-16));
#1430=DIRECTION('',(0.,-8.74191357972564E-16,1.));
#1431=DIRECTION('',(0.,-1.,-8.74191357972564E-16));
#1432=DIRECTION('',(0.,-8.74191357972564E-16,1.));
#1433=DIRECTION('',(0.,-1.,-8.74191357972564E-16));
#1434=DIRECTION('',(0.,-8.74191357972564E-16,1.));
#1435=DIRECTION('',(0.,-1.,-8.74191357972564E-16));
#1436=DIRECTION('',(0.,-8.74191357972564E-16,1.));
#1437=DIRECTION('',(0.,-1.,-8.74191357972564E-16));
#1438=DIRECTION('',(0.,8.74191357972564E-16,-1.));
#1439=DIRECTION('',(0.,1.,8.74191357972564E-16));
#1440=DIRECTION('',(-1.,-8.74191357972564E-16,0.));
#1441=DIRECTION('',(0.,0.,-1.));
#1442=DIRECTION('',(1.,-8.74191357972564E-16,0.));
#1443=DIRECTION('',(0.,0.,1.));
#1444=DIRECTION('',(-1.,-8.74191357972564E-16,0.));
#1445=DIRECTION('',(0.,0.,-1.));
#1446=DIRECTION('',(0.,0.,-1.));
#1447=DIRECTION('',(-1.,0.,0.));
#1448=DIRECTION('',(-0.092529343316083,0.98697966203822,0.131565448915798));
#1449=DIRECTION('',(0.0925293433160831,0.98697966203822,0.131565448915797));
#1450=DIRECTION('',(0.,-1.,0.));
#1451=DIRECTION('',(0.588592719853076,0.,0.808429718736241));
#1452=DIRECTION('',(-0.995634226059288,-0.0933407086930583,-1.85432869423469E-16));
#1453=DIRECTION('',(0.0933407086930583,-0.995634226059288,0.));
#1454=DIRECTION('',(-0.0933407086930583,0.995634226059288,0.));
#1455=DIRECTION('',(-1.6917192729714E-16,-1.82123199577617E-16,1.));
#1456=DIRECTION('',(0.0933407086930583,-0.995634226059288,-2.71992136288354E-16));
#1457=DIRECTION('',(-1.86245977257542E-16,0.,1.));
#1458=DIRECTION('',(-0.0933407086930583,0.995634226059288,0.));
#1459=DIRECTION('',(-1.86245977257542E-16,0.,1.));
#1460=DIRECTION('',(0.0933407086930583,-0.995634226059288,-2.71992136288354E-16));
#1461=DIRECTION('',(-1.86245977257542E-16,0.,1.));
#1462=DIRECTION('',(-0.0933407086930583,0.995634226059288,0.));
#1463=DIRECTION('',(-1.86245977257542E-16,0.,1.));
#1464=DIRECTION('',(-0.0442480320259959,0.471979008277288,0.880498681093512));
#1465=DIRECTION('',(-6.82961998416066E-17,0.,-1.));
#1466=DIRECTION('',(-0.995634226059288,0.0933407086930582,-1.85432869423469E-16));
#1467=DIRECTION('',(-0.0933407086930582,-0.995634226059288,0.));
#1468=DIRECTION('',(-0.0933407086930582,-0.995634226059288,-2.71992136288354E-16));
#1469=DIRECTION('',(-2.03320027217944E-16,-1.82123199577617E-16,1.));
#1470=DIRECTION('',(0.0933407086930582,0.995634226059288,0.));
#1471=DIRECTION('',(-6.82961998416066E-17,0.,-1.));
#1472=DIRECTION('',(0.0442480320259956,0.471979008277288,0.880498681093512));
#1473=DIRECTION('',(-1.86245977257542E-16,0.,1.));
#1474=DIRECTION('',(0.0933407086930582,0.995634226059288,0.));
#1475=DIRECTION('',(-1.86245977257542E-16,0.,1.));
#1476=DIRECTION('',(-0.0933407086930582,-0.995634226059288,-2.71992136288354E-16));
#1477=DIRECTION('',(-1.86245977257542E-16,0.,1.));
#1478=DIRECTION('',(0.0933407086930582,0.995634226059288,0.));
#1479=DIRECTION('',(-1.86245977257542E-16,0.,1.));
#1480=DIRECTION('',(0.,-1.,0.));
#1481=DIRECTION('',(1.,0.,0.));
#1482=DIRECTION('',(-1.,0.,0.));
#1483=DIRECTION('',(-1.,0.,0.));
#1484=DIRECTION('',(0.,0.,-1.));
#1485=DIRECTION('',(-1.,0.,0.));
#1486=DIRECTION('',(-1.,0.,0.));
#1487=DIRECTION('',(0.,-1.,-2.73184799366426E-16));
#1488=DIRECTION('',(-1.,0.,0.));
#1489=DIRECTION('',(-1.,0.,0.));
#1490=DIRECTION('',(0.,-1.,-2.73184799366426E-16));
#1491=DIRECTION('',(-1.,0.,0.));
#1492=DIRECTION('',(-1.,0.,0.));
#1493=DIRECTION('',(-1.,0.,0.));
#1494=DIRECTION('',(0.,-1.,-2.73184799366426E-16));
#1495=DIRECTION('',(-1.,0.,0.));
#1496=DIRECTION('',(-1.,0.,0.));
#1497=DIRECTION('',(0.,-1.,-2.73184799366426E-16));
#1498=DIRECTION('',(-1.,0.,0.));
#1499=DIRECTION('',(0.,-1.,0.));
#1500=DIRECTION('',(1.,0.,0.));
#1501=DIRECTION('',(0.,-1.,0.));
#1502=DIRECTION('',(-5.01955493625359E-32,0.,-1.));
#1503=DIRECTION('',(0.,-0.881361907926586,0.472441728952902));
#1504=DIRECTION('',(0.,-0.472441728952902,-0.881361907926586));
#1505=DIRECTION('',(1.,0.,0.));
#1506=DIRECTION('',(0.,1.,0.));
#1507=DIRECTION('',(-1.,0.,0.));
#1508=DIRECTION('',(0.,0.,1.));
#1509=DIRECTION('',(0.,0.,1.));
#1510=DIRECTION('',(0.,-1.,-2.73184799366426E-16));
#1511=DIRECTION('',(0.,0.,1.));
#1512=DIRECTION('',(0.,-1.,0.));
#1513=DIRECTION('',(0.,0.,-1.));
#1514=DIRECTION('',(-1.,0.,0.));
#1515=DIRECTION('',(0.,2.73184799366426E-16,-1.));
#1516=DIRECTION('',(0.,1.,2.73184799366426E-16));
#1517=DIRECTION('',(-1.,0.,0.));
#1518=DIRECTION('',(0.,-1.,0.));
#1519=DIRECTION('',(0.,0.,-1.));
#1520=DIRECTION('',(1.,0.,0.));
#1521=DIRECTION('',(0.,1.,0.));
#1522=DIRECTION('',(-1.,0.,0.));
#1523=DIRECTION('',(0.,0.,1.));
#1524=DIRECTION('',(0.,-1.82123199577617E-16,1.));
#1525=DIRECTION('',(0.,-1.,-2.73184799366426E-16));
#1526=DIRECTION('',(0.,0.,1.));
#1527=DIRECTION('',(0.,-1.,0.));
#1528=DIRECTION('',(0.,0.,-1.));
#1529=DIRECTION('',(-1.,0.,0.));
#1530=DIRECTION('',(0.,2.73184799366426E-16,-1.));
#1531=DIRECTION('',(0.,1.,2.73184799366426E-16));
#1532=DIRECTION('',(-1.,0.,0.));
#1533=DIRECTION('',(0.,-1.,-1.82123199577617E-16));
#1534=DIRECTION('',(0.,1.82123199577617E-16,-1.));
#1535=DIRECTION('',(0.,2.73184799366426E-16,-1.));
#1536=DIRECTION('',(0.,1.,2.73184799366426E-16));
#1537=DIRECTION('',(-1.,0.,0.));
#1538=DIRECTION('',(0.,-1.,-2.73184799366426E-16));
#1539=DIRECTION('',(-1.,0.,0.));
#1540=DIRECTION('',(0.,-1.,0.));
#1541=DIRECTION('',(0.,0.,-1.));
#1542=DIRECTION('',(0.,0.,1.));
#1543=DIRECTION('',(0.,-1.,0.));
#1544=DIRECTION('',(0.,0.,-1.));
#1545=DIRECTION('',(0.,0.,1.));
#1546=DIRECTION('',(1.,0.,0.));
#1547=DIRECTION('',(0.,1.,0.));
#1548=DIRECTION('',(1.,0.,0.));
#1549=DIRECTION('',(0.,0.,-1.));
#1550=DIRECTION('',(0.,2.73184799366426E-16,-1.));
#1551=DIRECTION('',(0.,1.,2.73184799366426E-16));
#1552=DIRECTION('',(-1.,0.,0.));
#1553=DIRECTION('',(0.,-1.,-2.73184799366426E-16));
#1554=DIRECTION('',(-1.,0.,0.));
#1555=DIRECTION('',(0.,-1.,-1.82123199577617E-16));
#1556=DIRECTION('',(0.,1.82123199577617E-16,-1.));
#1557=DIRECTION('',(0.,-1.82123199577617E-16,1.));
#1558=DIRECTION('',(0.,-1.,0.));
#1559=DIRECTION('',(0.,0.,-1.));
#1560=DIRECTION('',(0.,0.,1.));
#1561=DIRECTION('',(1.,0.,0.));
#1562=DIRECTION('',(0.,1.,0.));
#1563=DIRECTION('',(1.,0.,0.));
#1564=DIRECTION('',(0.,0.,-1.));
#1565=DIRECTION('',(0.,0.23464052424228,-0.972082210712298));
#1566=DIRECTION('',(0.,0.972082210712298,0.23464052424228));
#1567=DIRECTION('',(0.,0.23464052424228,-0.972082210712298));
#1568=DIRECTION('',(0.,0.972082210712298,0.23464052424228));
#1569=DIRECTION('',(0.,-0.23464052424228,0.972082210712298));
#1570=DIRECTION('',(0.,-0.972082210712298,-0.23464052424228));
#1571=DIRECTION('',(0.,0.23464052424228,-0.972082210712298));
#1572=DIRECTION('',(0.,0.972082210712298,0.23464052424228));
#1573=DIRECTION('',(0.,0.23464052424228,-0.972082210712298));
#1574=DIRECTION('',(0.,0.972082210712298,0.23464052424228));
#1575=DIRECTION('',(0.,0.23464052424228,-0.972082210712298));
#1576=DIRECTION('',(0.,0.972082210712298,0.23464052424228));
#1577=DIRECTION('',(0.,0.23464052424228,-0.972082210712298));
#1578=DIRECTION('',(0.,0.972082210712298,0.23464052424228));
#1579=DIRECTION('',(0.,0.23464052424228,-0.972082210712298));
#1580=DIRECTION('',(3.05392820254015E-30,0.972082210712298,0.23464052424228));
#1581=DIRECTION('',(-9.31418214961299E-33,0.982633326956124,-0.185557928300407));
#1582=DIRECTION('',(-0.999999995991105,1.66152488084513E-5,8.79870634705498E-5));
#1583=DIRECTION('',(0.,-0.978237342928452,0.207489038024381));
#1584=DIRECTION('',(1.,0.,0.));
#1585=DIRECTION('',(1.,-5.10706534474335E-16,-5.53108110719242E-16));
#1586=DIRECTION('',(-7.43108199714204E-16,-0.681307397894059,-0.731997424568439));
#1587=DIRECTION('',(0.,-0.23464052424228,0.972082210712298));
#1588=DIRECTION('',(1.,0.,0.));
#1589=DIRECTION('',(6.83040024304959E-32,0.256323370270031,-0.966591087199449));
#1590=DIRECTION('',(-0.999999995991105,8.65506074368278E-5,2.29517359417112E-5));
#1591=DIRECTION('',(-1.,0.,0.));
#1592=DIRECTION('',(0.,0.,1.));
#1593=DIRECTION('',(1.,0.,0.));
#1594=DIRECTION('',(0.,0.,-1.));
#1595=DIRECTION('',(1.,0.,0.));
#1596=DIRECTION('',(0.,0.,-1.));
#1597=DIRECTION('',(-1.,0.,0.));
#1598=DIRECTION('',(0.,0.,1.));
#1599=DIRECTION('',(1.,0.,0.));
#1600=DIRECTION('',(0.,0.,-1.));
#1601=DIRECTION('',(1.,0.,0.));
#1602=DIRECTION('',(0.,0.,-1.));
#1603=DIRECTION('',(1.,0.,0.));
#1604=DIRECTION('',(0.,0.,-1.));
#1605=DIRECTION('',(-1.,0.,0.));
#1606=DIRECTION('',(0.,0.,1.));
#1607=DIRECTION('',(-1.,0.,0.));
#1608=DIRECTION('',(0.,0.,1.));
#1609=DIRECTION('',(1.,0.,0.));
#1610=DIRECTION('',(0.,0.,-1.));
#1611=DIRECTION('',(-1.,0.,0.));
#1612=DIRECTION('',(0.,0.,1.));
#1613=DIRECTION('',(-1.,0.,0.));
#1614=DIRECTION('',(0.,0.,1.));
#1615=DIRECTION('',(0.,0.,1.));
#1616=DIRECTION('',(1.,0.,0.));
#1617=DIRECTION('',(1.,-8.74191357972564E-16,0.));
#1618=DIRECTION('',(0.,0.,1.));
#1619=DIRECTION('',(0.,0.,1.));
#1620=DIRECTION('',(1.,0.,0.));
#1621=DIRECTION('',(0.,0.,1.));
#1622=DIRECTION('',(1.,0.,0.));
#1623=CARTESIAN_POINT('',(0.,0.,0.));
#1624=CARTESIAN_POINT('',(-0.0327518535143137,0.0170757599710499,-0.0237802276116575));
#1625=CARTESIAN_POINT('',(-0.0518018535143137,0.0170757599710499,-0.0237802276116575));
#1626=CARTESIAN_POINT('',(-0.0518018535143137,0.0198849950347902,-0.0221541110483602));
#1627=CARTESIAN_POINT('',(-0.0518018535143137,0.0198849950347902,-0.0254063441749549));
#1628=CARTESIAN_POINT('',(-0.0327518535143137,0.0198849950347902,-0.0254063441749549));
#1629=CARTESIAN_POINT('',(-0.0581518535143137,0.0198849950347902,-0.0254063441749549));
#1630=CARTESIAN_POINT('',(-0.0581518535143137,0.0170757599710499,-0.0237802276116575));
#1631=CARTESIAN_POINT('',(-0.0581518535143137,0.0198849950347902,-0.0221541110483602));
#1632=CARTESIAN_POINT('',(-0.0327518535143137,0.0198849950347902,-0.0221541110483602));
#1633=CARTESIAN_POINT('',(-0.0327518535143137,0.0255906911799793,-0.0187567740031655));
#1634=CARTESIAN_POINT('',(-0.0581518535143137,0.0255906911799793,-0.0187567740031655));
#1635=CARTESIAN_POINT('',(-0.0581518535143137,0.0312963873251686,-0.0153594369579708));
#1636=CARTESIAN_POINT('',(-0.0327518535143137,0.0312963873251686,-0.0153594369579708));
#1637=CARTESIAN_POINT('',(-0.0518018535143137,0.0312963873251686,-0.0153594369579708));
#1638=CARTESIAN_POINT('',(-0.0518018535143137,0.0170969708536456,-0.0238141815450141));
#1639=CARTESIAN_POINT('',(-0.0327518535143137,0.0255906911799793,-0.0288036812201495));
#1640=CARTESIAN_POINT('',(-0.0518018535143137,0.0170969708536457,-0.0237462736783009));
#1641=CARTESIAN_POINT('',(-0.0518018535143137,0.0312963873251686,-0.0322010182653442));
#1642=CARTESIAN_POINT('',(-0.0327518535143137,0.0312963873251686,-0.0322010182653442));
#1643=CARTESIAN_POINT('',(-0.0581518535143137,0.0312963873251686,-0.0322010182653442));
#1644=CARTESIAN_POINT('',(-0.0581518535143137,0.0255906911799793,-0.0288036812201495));
#1645=CARTESIAN_POINT('',(-0.0327518535143137,0.0171539951712478,-0.0237802276116575));
#1646=CARTESIAN_POINT('',(-0.0581518535143137,0.0171539951712478,-0.0237802276116575));
#1647=CARTESIAN_POINT('',(-0.0518018535143137,0.0171539951712478,-0.0237802276116575));
#1648=CARTESIAN_POINT('',(-0.0327518535143137,0.0170767536964948,-0.0237792338862127));
#1649=CARTESIAN_POINT('',(-0.0518018535143137,0.0170767536964948,-0.0237792338862127));
#1650=CARTESIAN_POINT('',(-0.0518018535143137,0.0187028702597921,-0.0265884689499529));
#1651=CARTESIAN_POINT('',(-0.0518018535143137,0.0154506371331974,-0.0265884689499529));
#1652=CARTESIAN_POINT('',(-0.0327518535143137,0.0154506371331974,-0.0265884689499529));
#1653=CARTESIAN_POINT('',(-0.0581518535143137,0.0154506371331974,-0.0265884689499529));
#1654=CARTESIAN_POINT('',(-0.0581518535143137,0.0170767536964948,-0.0237792338862127));
#1655=CARTESIAN_POINT('',(-0.0581518535143137,0.0187028702597921,-0.0265884689499529));
#1656=CARTESIAN_POINT('',(-0.0327518535143137,0.0187028702597921,-0.0265884689499529));
#1657=CARTESIAN_POINT('',(-0.0327518535143137,0.0221002073049868,-0.0322941650951422));
#1658=CARTESIAN_POINT('',(-0.0581518535143137,0.0221002073049868,-0.0322941650951422));
#1659=CARTESIAN_POINT('',(-0.0581518535143137,0.0254975443501815,-0.0379998612403313));
#1660=CARTESIAN_POINT('',(-0.0327518535143137,0.0254975443501815,-0.0379998612403314));
#1661=CARTESIAN_POINT('',(-0.0518018535143137,0.0254975443501815,-0.0379998612403314));
#1662=CARTESIAN_POINT('',(-0.0518018535143137,0.0170427997631382,-0.0238004447688084));
#1663=CARTESIAN_POINT('',(-0.0327518535143137,0.0120533000880027,-0.0322941650951422));
#1664=CARTESIAN_POINT('',(-0.0518018535143137,0.0171107076298513,-0.0238004447688084));
#1665=CARTESIAN_POINT('',(-0.0518018535143137,0.00865596304280808,-0.0379998612403313));
#1666=CARTESIAN_POINT('',(-0.0327518535143137,0.00865596304280808,-0.0379998612403313));
#1667=CARTESIAN_POINT('',(-0.0581518535143137,0.00865596304280808,-0.0379998612403313));
#1668=CARTESIAN_POINT('',(-0.0581518535143137,0.0120533000880027,-0.0322941650951422));
#1669=CARTESIAN_POINT('',(-0.0327518535143137,0.0170767536964948,-0.0238574690864105));
#1670=CARTESIAN_POINT('',(-0.0581518535143137,0.0170767536964948,-0.0238574690864105));
#1671=CARTESIAN_POINT('',(-0.0518018535143137,0.0170767536964948,-0.0238574690864105));
#1672=CARTESIAN_POINT('',(-0.0327518535143137,0.0170777474219396,-0.0237802276116575));
#1673=CARTESIAN_POINT('',(-0.0518018535143137,0.0170777474219396,-0.0237802276116575));
#1674=CARTESIAN_POINT('',(-0.0518018535143137,0.0142685123581994,-0.0254063441749549));
#1675=CARTESIAN_POINT('',(-0.0518018535143137,0.0142685123581994,-0.0221541110483602));
#1676=CARTESIAN_POINT('',(-0.0327518535143137,0.0142685123581994,-0.0221541110483602));
#1677=CARTESIAN_POINT('',(-0.0581518535143137,0.0142685123581994,-0.0221541110483602));
#1678=CARTESIAN_POINT('',(-0.0581518535143137,0.0170777474219396,-0.0237802276116575));
#1679=CARTESIAN_POINT('',(-0.0581518535143137,0.0142685123581994,-0.0254063441749549));
#1680=CARTESIAN_POINT('',(-0.0327518535143137,0.0142685123581994,-0.0254063441749549));
#1681=CARTESIAN_POINT('',(-0.0327518535143137,0.00856281621301013,-0.0288036812201495));
#1682=CARTESIAN_POINT('',(-0.0581518535143137,0.00856281621301013,-0.0288036812201495));
#1683=CARTESIAN_POINT('',(-0.0581518535143137,0.00285712006782091,-0.0322010182653442));
#1684=CARTESIAN_POINT('',(-0.0327518535143137,0.00285712006782091,-0.0322010182653442));
#1685=CARTESIAN_POINT('',(-0.0518018535143137,0.00285712006782091,-0.0322010182653442));
#1686=CARTESIAN_POINT('',(-0.0518018535143137,0.0170565365393439,-0.0237462736783009));
#1687=CARTESIAN_POINT('',(-0.0327518535143137,0.00856281621301013,-0.0187567740031655));
#1688=CARTESIAN_POINT('',(-0.0518018535143137,0.0170565365393438,-0.0238141815450141));
#1689=CARTESIAN_POINT('',(-0.0518018535143137,0.00285712006782091,-0.0153594369579708));
#1690=CARTESIAN_POINT('',(-0.0327518535143137,0.00285712006782092,-0.0153594369579708));
#1691=CARTESIAN_POINT('',(-0.0581518535143137,0.00285712006782092,-0.0153594369579708));
#1692=CARTESIAN_POINT('',(-0.0581518535143137,0.00856281621301013,-0.0187567740031655));
#1693=CARTESIAN_POINT('',(-0.0327518535143137,0.0169995122217417,-0.0237802276116575));
#1694=CARTESIAN_POINT('',(-0.0581518535143137,0.0169995122217417,-0.0237802276116575));
#1695=CARTESIAN_POINT('',(-0.0518018535143137,0.0169995122217417,-0.0237802276116575));
#1696=CARTESIAN_POINT('',(-0.0518018535143137,0.0170767536964948,-0.0237802276116575));
#1697=CARTESIAN_POINT('',(-0.0518018535143137,0.0170767536964948,-0.0237802276116575));
#1698=CARTESIAN_POINT('',(-0.0518018535143137,0.0170767536964948,-0.0242802276116575));
#1699=CARTESIAN_POINT('',(-0.0518018535143137,0.0170767536964948,-0.0237802276116575));
#1700=CARTESIAN_POINT('',(-0.0518018535143137,-0.00832324630350525,-0.0237802276116576));
#1701=CARTESIAN_POINT('',(-0.0518018535143137,0.0170427997631382,-0.0237600104545066));
#1702=CARTESIAN_POINT('',(-0.0518018535143137,0.0187028702597921,-0.0209719862733622));
#1703=CARTESIAN_POINT('',(-0.0518018535143137,0.0254975443501815,-0.00956059398298369));
#1704=CARTESIAN_POINT('',(-0.0518018535143137,0.0170767536964948,-0.0237812213371024));
#1705=CARTESIAN_POINT('',(-0.0518018535143137,0.0154506371331974,-0.0209719862733622));
#1706=CARTESIAN_POINT('',(-0.0518018535143137,0.0171107076298513,-0.0237600104545066));
#1707=CARTESIAN_POINT('',(-0.0518018535143137,0.00865596304280808,-0.00956059398298368));
#1708=CARTESIAN_POINT('',(-0.0518018535143137,0.0170767536964948,-0.0237029861369045));
#1709=CARTESIAN_POINT('',(-0.0581518535143137,0.0170767536964948,-0.0237802276116575));
#1710=CARTESIAN_POINT('',(-0.0581518535143137,0.0170767536964948,-0.0237802276116575));
#1711=CARTESIAN_POINT('',(-0.0581518535143137,0.0170767536964948,-0.0242802276116575));
#1712=CARTESIAN_POINT('',(-0.0581518535143137,0.0170767536964948,-0.0237802276116575));
#1713=CARTESIAN_POINT('',(-0.0581518535143137,-0.00197324630350525,-0.0237802276116576));
#1714=CARTESIAN_POINT('',(-0.0581518535143137,0.0170767536964948,-0.0237812213371024));
#1715=CARTESIAN_POINT('',(-0.0581518535143137,0.0154506371331974,-0.0209719862733622));
#1716=CARTESIAN_POINT('',(-0.0581518535143137,0.0187028702597921,-0.0209719862733622));
#1717=CARTESIAN_POINT('',(-0.0581518535143137,0.0221002073049868,-0.0152662901281729));
#1718=CARTESIAN_POINT('',(-0.0581518535143137,0.0254975443501814,-0.00956059398298369));
#1719=CARTESIAN_POINT('',(-0.0581518535143137,0.0170767536964948,-0.0237029861369045));
#1720=CARTESIAN_POINT('',(-0.0581518535143137,0.00865596304280808,-0.00956059398298369));
#1721=CARTESIAN_POINT('',(-0.0581518535143137,0.0120533000880027,-0.0152662901281729));
#1722=CARTESIAN_POINT('',(-0.0645018535143137,0.0170767536964948,-0.0237802276116575));
#1723=CARTESIAN_POINT('',(-0.0645018535143137,0.0170767536964948,-0.0237802276116575));
#1724=CARTESIAN_POINT('',(-0.0645018535143137,0.0170767536964948,-0.0237802276116575));
#1725=CARTESIAN_POINT('',(-0.0645018535143137,-0.00832324630350525,-0.0237802276116576));
#1726=CARTESIAN_POINT('',(-0.0645018535143137,0.0170767536964948,-0.0237802276116575));
#1727=CARTESIAN_POINT('',(-0.0645018535143137,0.0170767536964948,-0.0237802276116575));
#1728=CARTESIAN_POINT('',(-0.0645018535143137,-0.00197324630350525,-0.0237802276116576));
#1729=CARTESIAN_POINT('',(-0.0581518535143137,0.0170767536964948,-0.0237802276116575));
#1730=CARTESIAN_POINT('',(-0.0327518535143137,0.0221002073049868,-0.0152662901281729));
#1731=CARTESIAN_POINT('',(-0.0327518535143137,0.0254975443501814,-0.00956059398298369));
#1732=CARTESIAN_POINT('',(-0.0327518535143137,0.0187028702597921,-0.0209719862733622));
#1733=CARTESIAN_POINT('',(-0.0327518535143137,0.0170767536964948,-0.0237812213371024));
#1734=CARTESIAN_POINT('',(-0.0327518535143137,0.0154506371331974,-0.0209719862733622));
#1735=CARTESIAN_POINT('',(-0.0327518535143137,0.0120533000880027,-0.0152662901281729));
#1736=CARTESIAN_POINT('',(-0.0327518535143137,0.00865596304280808,-0.00956059398298368));
#1737=CARTESIAN_POINT('',(-0.0327518535143137,0.0170767536964948,-0.0237029861369045));
#1738=CARTESIAN_POINT('',(-0.0631554769597918,0.0347694521460621,-0.0502673238329229));
#1739=CARTESIAN_POINT('',(0.,0.0368416266769171,0.0564305814423884));
#1740=CARTESIAN_POINT('',(0.,0.0368416266769171,0.0588435814423884));
#1741=CARTESIAN_POINT('',(0.,0.0362320266769171,0.0588435814423884));
#1742=CARTESIAN_POINT('',(0.,0.0368416266769171,0.0564305814423884));
#1743=CARTESIAN_POINT('',(0.,0.0368416266769171,0.0643680814423884));
#1744=CARTESIAN_POINT('',(0.,0.0368416266769171,0.0715435814423884));
#1745=CARTESIAN_POINT('',(0.,0.036232026676917,0.0715435814423884));
#1746=CARTESIAN_POINT('',(0.,0.037940176676917,0.0715435814423884));
#1747=CARTESIAN_POINT('',(0.,0.0368416266769171,0.0715435814423884));
#1748=CARTESIAN_POINT('',(0.,0.0352541266769171,0.0715435814423884));
#1749=CARTESIAN_POINT('',(0.,0.0368416266769171,0.0643680814423884));
#1750=CARTESIAN_POINT('',(0.,0.0368416266769171,0.0723055814423884));
#1751=CARTESIAN_POINT('',(0.,0.0352541266769171,0.0723055814423884));
#1752=CARTESIAN_POINT('',(0.,0.037635376676917,0.0723055814423884));
#1753=CARTESIAN_POINT('',(-0.00458004200308976,0.088687832519474,-0.0264870962212654));
#1754=CARTESIAN_POINT('',(-0.0765472048878664,0.00974405960264365,-0.0264870962212654));
#1755=CARTESIAN_POINT('',(-0.00458004200308976,0.00974405960264365,-0.0264870962212654));
#1756=CARTESIAN_POINT('',(-0.0631554769597918,-0.0441743207707683,-0.0502673238329229));
#1757=CARTESIAN_POINT('',(-0.0173969634744776,-0.085365722938906,0.0140206574537867));
#1758=CARTESIAN_POINT('',(-0.0254,0.,0.0254));
#1759=CARTESIAN_POINT('',(-0.0254477320864724,0.000509142255706096,0.0254678692094786));
#1760=CARTESIAN_POINT('',(-0.0168090186292642,-0.085365722938906,0.0145542154064336));
#1761=CARTESIAN_POINT('',(-0.0244852141577741,0.,0.0260660273298717));
#1762=CARTESIAN_POINT('',(-0.0245309968838154,0.000509142255706096,0.0261346866194341));
#1763=CARTESIAN_POINT('',(-0.0161963541570658,-0.085365722938906,0.0150607831617019));
#1764=CARTESIAN_POINT('',(-0.0235442195479038,0.,0.0266960546710663));
#1765=CARTESIAN_POINT('',(-0.0235880440319112,0.000509142255706096,0.0267654503040919));
#1766=CARTESIAN_POINT('',(-0.014926774400623,-0.085365722938906,0.0160155767894895));
#1767=CARTESIAN_POINT('',(-0.021615628777682,0.,0.027880215473865));
#1768=CARTESIAN_POINT('',(-0.0216555227572371,0.000509142255706096,0.0279509791093727));
#1769=CARTESIAN_POINT('',(-0.0142698610077521,-0.085365722938906,0.0164638011455974));
#1770=CARTESIAN_POINT('',(-0.0206280341156675,0.,0.0284343479849335));
#1771=CARTESIAN_POINT('',(-0.0206659558304599,0.000509142255706096,0.0285057432828352));
#1772=CARTESIAN_POINT('',(-0.0129173628428383,-0.085365722938906,0.0172980425288753));
#1773=CARTESIAN_POINT('',(-0.018612351927481,0.,0.029463291366319));
#1774=CARTESIAN_POINT('',(-0.0186463182489618,0.000509142255706096,0.029535847915026));
#1775=CARTESIAN_POINT('',(-0.0122217797384889,-0.085365722938906,0.0176840585006357));
#1776=CARTESIAN_POINT('',(-0.0175842656873674,0.,0.029938101580143));
#1777=CARTESIAN_POINT('',(-0.017616248878023,0.000509142255706096,0.0300111877196406));
#1778=CARTESIAN_POINT('',(-0.0107978579050349,-0.085365722938906,0.0183905534787193));
#1779=CARTESIAN_POINT('',(-0.0154939589392424,0.,0.0308054635948823));
#1780=CARTESIAN_POINT('',(-0.0155219676456795,0.000509142255706096,0.0308795091851183));
#1781=CARTESIAN_POINT('',(-0.0100695209356634,-0.085365722938906,0.018711031590745));
#1782=CARTESIAN_POINT('',(-0.0144317397649019,0.,0.0311980148423978));
#1783=CARTESIAN_POINT('',(-0.0144577571154044,0.000509142255706096,0.0312724902946149));
#1784=CARTESIAN_POINT('',(-0.00858629263886403,-0.085365722938906,0.0192836856851732));
#1785=CARTESIAN_POINT('',(-0.0122797368627216,0.,0.0318984309150839));
#1786=CARTESIAN_POINT('',(-0.0123017654763,0.000509142255706096,0.0319736683712946));
#1787=CARTESIAN_POINT('',(-0.0078314031476277,-0.085365722938906,0.0195358609423689));
#1788=CARTESIAN_POINT('',(-0.0111899545079164,0.,0.0322062952933706));
#1789=CARTESIAN_POINT('',(-0.0112099857377428,0.000509142255706096,0.0322818648932539));
#1790=CARTESIAN_POINT('',(-0.00630150258528365,-0.085365722938906,0.0199697329577447));
#1791=CARTESIAN_POINT('',(-0.00898956544410466,0.,0.0327354333979585));
#1792=CARTESIAN_POINT('',(-0.0090055977149073,0.000509142255706096,0.0328115711883272));
#1793=CARTESIAN_POINT('',(-0.00552649341055867,-0.085365722938906,0.0201514291662797));
#1794=CARTESIAN_POINT('',(-0.0078789601390043,0.,0.0329567067866556));
#1795=CARTESIAN_POINT('',(-0.00789299083159799,0.000509142255706096,0.0330330806251018));
#1796=CARTESIAN_POINT('',(-0.00396296171781204,-0.085365722938906,0.0204427746564445));
#1797=CARTESIAN_POINT('',(-0.00564379417112251,0.,0.0333112942397507));
#1798=CARTESIAN_POINT('',(-0.00565381907101535,0.000509142255706096,0.0333880452688837));
#1799=CARTESIAN_POINT('',(-0.00317444113955683,-0.085365722938906,0.020552423568896));
#1800=CARTESIAN_POINT('',(-0.00451923493443589,0.,0.0334446080779125));
#1801=CARTESIAN_POINT('',(-0.00452725561677316,0.000509142255706096,0.0335215002505073));
#1802=CARTESIAN_POINT('',(-0.00159061272601691,-0.085365722938906,0.0206987277805864));
#1803=CARTESIAN_POINT('',(-0.00226311641284553,0.,0.0336224517800958));
#1804=CARTESIAN_POINT('',(-0.00226712739093245,0.000509142255706096,0.0336995320620017));
#1805=CARTESIAN_POINT('',(-0.000795306856685597,-0.085365722938906,0.0207353828944088));
#1806=CARTESIAN_POINT('',(-0.00113155856740486,0.,0.0336669815306484));
#1807=CARTESIAN_POINT('',(-0.00113356405565689,0.000509142255706096,0.0337441087788326));
#1808=CARTESIAN_POINT('',(0.000795306856685598,-0.085365722938906,0.0207353828944088));
#1809=CARTESIAN_POINT('',(0.00113155856740487,0.,0.0336669815306484));
#1810=CARTESIAN_POINT('',(0.0011335640556569,0.000509142255706096,0.0337441087788326));
#1811=CARTESIAN_POINT('',(0.00159061272601692,-0.085365722938906,0.0206987277805864));
#1812=CARTESIAN_POINT('',(0.00226311641284554,0.,0.0336224517800958));
#1813=CARTESIAN_POINT('',(0.00226712739093247,0.000509142255706096,0.0336995320620017));
#1814=CARTESIAN_POINT('',(0.00317444113955683,-0.085365722938906,0.020552423568896));
#1815=CARTESIAN_POINT('',(0.0045192349344359,0.,0.0334446080779125));
#1816=CARTESIAN_POINT('',(0.00452725561677317,0.000509142255706096,0.0335215002505073));
#1817=CARTESIAN_POINT('',(0.00396296171781204,-0.085365722938906,0.0204427746564445));
#1818=CARTESIAN_POINT('',(0.00564379417112252,0.,0.0333112942397507));
#1819=CARTESIAN_POINT('',(0.00565381907101536,0.000509142255706096,0.0333880452688837));
#1820=CARTESIAN_POINT('',(0.00552649341055867,-0.085365722938906,0.0201514291662797));
#1821=CARTESIAN_POINT('',(0.00787896013900431,0.,0.0329567067866556));
#1822=CARTESIAN_POINT('',(0.007892990831598,0.000509142255706096,0.0330330806251018));
#1823=CARTESIAN_POINT('',(0.00630150258528366,-0.085365722938906,0.0199697329577447));
#1824=CARTESIAN_POINT('',(0.00898956544410468,0.,0.0327354333979585));
#1825=CARTESIAN_POINT('',(0.00900559771490732,0.000509142255706096,0.0328115711883272));
#1826=CARTESIAN_POINT('',(0.0078314031476277,-0.085365722938906,0.0195358609423689));
#1827=CARTESIAN_POINT('',(0.0111899545079165,0.,0.0322062952933706));
#1828=CARTESIAN_POINT('',(0.0112099857377428,0.000509142255706096,0.0322818648932539));
#1829=CARTESIAN_POINT('',(0.00858629263886403,-0.085365722938906,0.0192836856851732));
#1830=CARTESIAN_POINT('',(0.0122797368627216,0.,0.0318984309150839));
#1831=CARTESIAN_POINT('',(0.0123017654763,0.000509142255706096,0.0319736683712946));
#1832=CARTESIAN_POINT('',(0.0100695209356634,-0.085365722938906,0.018711031590745));
#1833=CARTESIAN_POINT('',(0.0144317397649019,0.,0.0311980148423978));
#1834=CARTESIAN_POINT('',(0.0144577571154045,0.000509142255706096,0.0312724902946149));
#1835=CARTESIAN_POINT('',(0.0107978579050349,-0.085365722938906,0.0183905534787193));
#1836=CARTESIAN_POINT('',(0.0154939589392424,0.,0.0308054635948823));
#1837=CARTESIAN_POINT('',(0.0155219676456795,0.000509142255706096,0.0308795091851183));
#1838=CARTESIAN_POINT('',(0.0122217797384889,-0.085365722938906,0.0176840585006357));
#1839=CARTESIAN_POINT('',(0.0175842656873674,0.,0.029938101580143));
#1840=CARTESIAN_POINT('',(0.017616248878023,0.000509142255706096,0.0300111877196406));
#1841=CARTESIAN_POINT('',(0.0129173628428383,-0.085365722938906,0.0172980425288753));
#1842=CARTESIAN_POINT('',(0.018612351927481,0.,0.029463291366319));
#1843=CARTESIAN_POINT('',(0.0186463182489618,0.000509142255706096,0.029535847915026));
#1844=CARTESIAN_POINT('',(0.0142698610077521,-0.085365722938906,0.0164638011455974));
#1845=CARTESIAN_POINT('',(0.0206280341156675,0.,0.0284343479849334));
#1846=CARTESIAN_POINT('',(0.0206659558304599,0.000509142255706096,0.0285057432828351));
#1847=CARTESIAN_POINT('',(0.014926774400623,-0.085365722938906,0.0160155767894895));
#1848=CARTESIAN_POINT('',(0.021615628777682,0.,0.027880215473865));
#1849=CARTESIAN_POINT('',(0.0216555227572371,0.000509142255706096,0.0279509791093727));
#1850=CARTESIAN_POINT('',(0.0161963541570658,-0.085365722938906,0.0150607831617018));
#1851=CARTESIAN_POINT('',(0.0235442195479038,0.,0.0266960546710663));
#1852=CARTESIAN_POINT('',(0.0235880440319112,0.000509142255706096,0.0267654503040919));
#1853=CARTESIAN_POINT('',(0.0168090186292642,-0.085365722938906,0.0145542154064336));
#1854=CARTESIAN_POINT('',(0.0244852141577741,0.,0.0260660273298717));
#1855=CARTESIAN_POINT('',(0.0245309968838154,0.000509142255706096,0.0261346866194341));
#1856=CARTESIAN_POINT('',(0.0173969634744776,-0.085365722938906,0.0140206574537867));
#1857=CARTESIAN_POINT('',(0.0254,0.,0.0254));
#1858=CARTESIAN_POINT('',(0.0254477320864724,0.000509142255706096,0.0254678692094786));
#1859=CARTESIAN_POINT('',(-0.015875,-0.1016,0.0118566108867526));
#1860=CARTESIAN_POINT('',(-0.017444695304193,-0.0848565834219419,0.014088526298188));
#1861=CARTESIAN_POINT('',(-0.0254,-6.93889390390723E-18,0.0254));
#1862=CARTESIAN_POINT('',(-0.017444695304193,-0.0848565834219419,0.014088526298188));
#1863=CARTESIAN_POINT('',(-0.0163533134235815,-0.0842564496428124,0.0152081036347562));
#1864=CARTESIAN_POINT('',(-0.0139714200046216,-0.0831752774427443,0.0172250804059681));
#1865=CARTESIAN_POINT('',(-0.00968894305730628,-0.0819074688645553,0.0195902359772908));
#1866=CARTESIAN_POINT('',(-0.00580745715993348,-0.081252785920859,0.0208115773046588));
#1867=CARTESIAN_POINT('',(-0.0024944396354497,-0.0809787636276187,0.0213227785732677));
#1868=CARTESIAN_POINT('',(-1.72794225910076E-5,-0.0809117209424614,0.0214478498048751));
#1869=CARTESIAN_POINT('',(0.00245843800819634,-0.0809768541877488,0.0213263407217057));
#1870=CARTESIAN_POINT('',(0.00577271710310013,-0.0812481332789053,0.0208202570235276));
#1871=CARTESIAN_POINT('',(0.00888631797856635,-0.0817711839811958,0.0198444817338744));
#1872=CARTESIAN_POINT('',(0.0118287576831743,-0.0825390507408756,0.018411990760131));
#1873=CARTESIAN_POINT('',(0.0145404667285082,-0.0834369261175445,0.0167369626951565));
#1874=CARTESIAN_POINT('',(0.0163529108815744,-0.0842562282912761,0.0152085165762904));
#1875=CARTESIAN_POINT('',(0.017444695304193,-0.0848565834219419,0.014088526298188));
#1876=CARTESIAN_POINT('',(0.017444695304193,-0.0848565834219419,0.014088526298188));
#1877=CARTESIAN_POINT('',(0.0206375,-0.0508,0.0186283054433763));
#1878=CARTESIAN_POINT('',(0.0254,3.46944695195361E-18,0.0254));
#1879=CARTESIAN_POINT('',(-8.67361737988404E-18,0.,-0.0094867972084776));
#1880=CARTESIAN_POINT('',(-0.00399944965969016,-0.0676590656154521,0.0231979020923731));
#1881=CARTESIAN_POINT('',(1.18917461227849E-6,-0.0660865085106032,0.0237656488443346));
#1882=CARTESIAN_POINT('',(0.00399469296124105,-0.0676572893635241,0.0231986653493584));
#1883=CARTESIAN_POINT('',(0.0056273411937082,-0.0715536432433494,0.022260249434738));
#1884=CARTESIAN_POINT('',(0.00424384526252676,-0.0748699418029324,0.0220299744611598));
#1885=CARTESIAN_POINT('',(0.00200144751823074,-0.0764121042392525,0.0220408113394775));
#1886=CARTESIAN_POINT('',(3.00851867002748E-6,-0.0768294391047756,0.0220538577983493));
#1887=CARTESIAN_POINT('',(-0.00199642570997397,-0.0764142876891573,0.0220408598643222));
#1888=CARTESIAN_POINT('',(-0.00423938572417117,-0.0748750953788515,0.0220299243396573));
#1889=CARTESIAN_POINT('',(-0.00562743825295231,-0.071562774525984,0.0222587407779754));
#1890=CARTESIAN_POINT('',(-0.00399944965969016,-0.0676590656154521,0.0231979020923731));
#1891=CARTESIAN_POINT('',(1.18917461227849E-6,-0.0660865085106032,0.0237656488443346));
#1892=CARTESIAN_POINT('',(0.00399469296124105,-0.0676572893635241,0.0231986653493584));
#1893=CARTESIAN_POINT('',(-5.41092566221062E-19,-0.0666103981702315,0.0235765271365117));
#1894=CARTESIAN_POINT('',(-0.0251787028073573,-0.00236050338818974,-4.68943211043347E-18));
#1895=CARTESIAN_POINT('',(-0.015875,-0.1016,-0.0254));
#1896=CARTESIAN_POINT('',(-0.0250509215490607,-0.00372350347668584,-0.0254));
#1897=CARTESIAN_POINT('',(-0.0254,0.,-0.0254));
#1898=CARTESIAN_POINT('',(-0.0250509215490607,-0.00372350347668584,-4.91604904583648E-18));
#1899=CARTESIAN_POINT('',(-0.0250509215490607,-0.00372350347668584,-0.015875));
#1900=CARTESIAN_POINT('',(-0.0251787028073573,-0.00236050338818974,-0.015875));
#1901=CARTESIAN_POINT('',(-0.0238602965490607,-0.0164235034766858,-0.015875));
#1902=CARTESIAN_POINT('',(-0.0238602965490607,-0.0164235034766858,-4.44388424843457E-18));
#1903=CARTESIAN_POINT('',(-0.0238602965490607,-0.0164235034766858,-0.0254));
#1904=CARTESIAN_POINT('',(-0.015875,-0.1016,-0.0254));
#1905=CARTESIAN_POINT('',(-0.0176499428381079,-0.0826672763935162,-0.0254));
#1906=CARTESIAN_POINT('',(-0.0176499428381079,-0.0826672763935162,-3.28723085242316E-18));
#1907=CARTESIAN_POINT('',(-0.0176499428381079,-0.0826672763935162,-0.015875));
#1908=CARTESIAN_POINT('',(-0.0251787028073573,-0.00236050338818974,-0.015875));
#1909=CARTESIAN_POINT('',(-0.0164593178381079,-0.0953672763935162,-0.015875));
#1910=CARTESIAN_POINT('',(-0.0164593178381079,-0.0953672763935162,-3.0654817357509E-18));
#1911=CARTESIAN_POINT('',(-0.0164593178381079,-0.0953672763935162,-0.0254));
#1912=CARTESIAN_POINT('',(-0.015875,-0.1016,-0.0254));
#1913=CARTESIAN_POINT('',(-0.015875,-0.1016,-0.0254));
#1914=CARTESIAN_POINT('',(-0.015875,-0.1016,-0.0067716945566237));
#1915=CARTESIAN_POINT('',(-0.015875,-0.1016,-0.017147092141262));
#1916=CARTESIAN_POINT('',(-0.0186338038118614,-0.0721727593401451,0.0377507870754364));
#1917=CARTESIAN_POINT('',(-0.0254,0.,0.));
#1918=CARTESIAN_POINT('',(0.0251787028073572,-0.00236050338818974,4.68943211043347E-18));
#1919=CARTESIAN_POINT('',(0.0251787028073573,-0.00236050338818974,-0.015875));
#1920=CARTESIAN_POINT('',(0.0238602965490607,-0.0164235034766858,-0.015875));
#1921=CARTESIAN_POINT('',(0.0250509215490607,-0.00372350347668584,-0.015875));
#1922=CARTESIAN_POINT('',(0.0250509215490607,-0.00372350347668584,4.41521768437719E-18));
#1923=CARTESIAN_POINT('',(0.0250509215490607,-0.00372350347668584,-0.0254));
#1924=CARTESIAN_POINT('',(0.015875,-0.1016,-0.0254));
#1925=CARTESIAN_POINT('',(0.0254,0.,-0.0254));
#1926=CARTESIAN_POINT('',(0.0254,0.,3.46944695195361E-18));
#1927=CARTESIAN_POINT('',(0.0186338038118614,-0.0721727593401451,0.0377507870754364));
#1928=CARTESIAN_POINT('',(0.015875,-0.1016,-0.0171470921412619));
#1929=CARTESIAN_POINT('',(0.015875,-0.1016,-0.0067716945566237));
#1930=CARTESIAN_POINT('',(0.015875,-0.1016,-0.0254));
#1931=CARTESIAN_POINT('',(0.015875,-0.1016,-0.0254));
#1932=CARTESIAN_POINT('',(0.0164593178381079,-0.0953672763935162,-0.0254));
#1933=CARTESIAN_POINT('',(0.0164593178381079,-0.0953672763935162,3.0654817357509E-18));
#1934=CARTESIAN_POINT('',(0.0164593178381079,-0.0953672763935162,-0.015875));
#1935=CARTESIAN_POINT('',(0.0251787028073573,-0.00236050338818974,-0.015875));
#1936=CARTESIAN_POINT('',(0.0176499428381079,-0.0826672763935162,-0.015875));
#1937=CARTESIAN_POINT('',(0.0176499428381079,-0.0826672763935162,3.28723085242316E-18));
#1938=CARTESIAN_POINT('',(0.0176499428381079,-0.0826672763935162,-0.0254));
#1939=CARTESIAN_POINT('',(0.015875,-0.1016,-0.0254));
#1940=CARTESIAN_POINT('',(0.0238602965490607,-0.0164235034766858,-0.0254));
#1941=CARTESIAN_POINT('',(0.0238602965490607,-0.0164235034766858,4.44388424843457E-18));
#1942=CARTESIAN_POINT('',(0.,-0.1016,-0.00356193062987811));
#1943=CARTESIAN_POINT('',(0.,-0.1016,-0.017147092141262));
#1944=CARTESIAN_POINT('',(6.93889390390723E-18,-0.1016,-0.0254));
#1945=CARTESIAN_POINT('',(0.,0.,-0.0254));
#1946=CARTESIAN_POINT('',(0.02921,-0.0953672763935162,-0.0254));
#1947=CARTESIAN_POINT('',(-0.02921,-0.0953672763935162,-0.0254));
#1948=CARTESIAN_POINT('',(-0.02921,-0.0890172763935162,-0.0254));
#1949=CARTESIAN_POINT('',(-0.02921,-0.0826672763935162,-0.0254));
#1950=CARTESIAN_POINT('',(0.02921,-0.0826672763935162,-0.0254));
#1951=CARTESIAN_POINT('',(0.02921,-0.0164235034766858,-0.0254));
#1952=CARTESIAN_POINT('',(-0.02921,-0.0164235034766858,-0.0254));
#1953=CARTESIAN_POINT('',(-0.02921,-0.0100735034766858,-0.0254));
#1954=CARTESIAN_POINT('',(-0.02921,-0.00372350347668583,-0.0254));
#1955=CARTESIAN_POINT('',(0.02921,-0.00372350347668583,-0.0254));
#1956=CARTESIAN_POINT('',(0.,0.,-0.0254));
#1957=CARTESIAN_POINT('',(0.02921,-0.00372350347668583,-0.0254));
#1958=CARTESIAN_POINT('',(0.02921,-0.00372350347668583,-0.0254));
#1959=CARTESIAN_POINT('',(0.02921,-0.0100735034766858,-0.0254));
#1960=CARTESIAN_POINT('',(0.02921,-0.0164235034766858,-0.0254));
#1961=CARTESIAN_POINT('',(0.02921,-0.0164235034766858,-0.0254));
#1962=CARTESIAN_POINT('',(0.02921,-0.0826672763935162,-0.0254));
#1963=CARTESIAN_POINT('',(0.02921,-0.0826672763935162,-0.0254));
#1964=CARTESIAN_POINT('',(0.02921,-0.0890172763935162,-0.0254));
#1965=CARTESIAN_POINT('',(0.02921,-0.0953672763935162,-0.0254));
#1966=CARTESIAN_POINT('',(0.02921,-0.0953672763935162,-0.0254));
#1967=CARTESIAN_POINT('',(0.,0.,0.00413349076532419));
#1968=CARTESIAN_POINT('',(3.2914885178493E-8,0.,-0.0126762858126341));
#1969=CARTESIAN_POINT('',(3.2914885178493E-8,0.,-0.0165532251095473));
#1970=CARTESIAN_POINT('',(-0.03302,-0.0912874266505241,0.00209149066358804));
#1971=CARTESIAN_POINT('',(0.02921,-0.049545389935101,-0.0206375));
#1972=CARTESIAN_POINT('',(0.02921,-0.0890172763935162,-0.0206375));
#1973=CARTESIAN_POINT('',(0.02921,-0.0890172763935162,-0.0201375));
#1974=CARTESIAN_POINT('',(0.02921,-0.0826672763935162,-0.0206375));
#1975=CARTESIAN_POINT('',(0.02921,-0.0826672763935162,-0.015875));
#1976=CARTESIAN_POINT('',(0.02921,-0.0890172763935162,-0.015875));
#1977=CARTESIAN_POINT('',(0.02921,-0.0953672763935162,-0.015875));
#1978=CARTESIAN_POINT('',(0.02921,-0.0953672763935162,-0.0206375));
#1979=CARTESIAN_POINT('',(0.02921,-0.0953672763935162,-0.0206375));
#1980=CARTESIAN_POINT('',(0.02921,-0.0953672763935162,-0.015875));
#1981=CARTESIAN_POINT('',(0.02921,-0.0890172763935162,-0.015875));
#1982=CARTESIAN_POINT('',(0.02921,-0.0826672763935162,-0.015875));
#1983=CARTESIAN_POINT('',(0.02921,-0.0826672763935162,-0.0206375));
#1984=CARTESIAN_POINT('',(0.02921,-0.049545389935101,-0.0206375));
#1985=CARTESIAN_POINT('',(0.02921,-0.0100735034766858,-0.0206375));
#1986=CARTESIAN_POINT('',(0.02921,-0.0100735034766858,-0.0201375));
#1987=CARTESIAN_POINT('',(0.02921,-0.00372350347668583,-0.0206375));
#1988=CARTESIAN_POINT('',(0.02921,-0.00372350347668584,-0.015875));
#1989=CARTESIAN_POINT('',(0.02921,-0.0100735034766858,-0.015875));
#1990=CARTESIAN_POINT('',(0.02921,-0.0164235034766858,-0.015875));
#1991=CARTESIAN_POINT('',(0.02921,-0.0164235034766858,-0.0206375));
#1992=CARTESIAN_POINT('',(0.02921,-0.0164235034766858,-0.0206375));
#1993=CARTESIAN_POINT('',(0.02921,-0.0164235034766858,-0.015875));
#1994=CARTESIAN_POINT('',(0.02921,-0.0100735034766858,-0.015875));
#1995=CARTESIAN_POINT('',(0.02921,-0.00372350347668584,-0.015875));
#1996=CARTESIAN_POINT('',(0.02921,-0.00372350347668583,-0.0206375));
#1997=CARTESIAN_POINT('',(0.02921,-0.0890172763935162,-0.015875));
#1998=CARTESIAN_POINT('',(0.02921,-0.0826672763935162,-0.015875));
#1999=CARTESIAN_POINT('',(-0.02921,-0.0826672763935162,-0.015875));
#2000=CARTESIAN_POINT('',(-0.02921,-0.0890172763935162,-0.015875));
#2001=CARTESIAN_POINT('',(-0.02921,-0.0953672763935162,-0.015875));
#2002=CARTESIAN_POINT('',(0.02921,-0.0953672763935162,-0.015875));
#2003=CARTESIAN_POINT('',(0.02921,-0.0826672763935162,-0.0206375));
#2004=CARTESIAN_POINT('',(-0.02921,-0.0826672763935162,-0.0206375));
#2005=CARTESIAN_POINT('',(0.02921,-0.0953672763935162,-0.0206375));
#2006=CARTESIAN_POINT('',(-0.02921,-0.0953672763935162,-0.0206375));
#2007=CARTESIAN_POINT('',(-0.02921,-0.049545389935101,-0.0206375));
#2008=CARTESIAN_POINT('',(-0.02921,-0.0890172763935162,-0.0206375));
#2009=CARTESIAN_POINT('',(-0.02921,-0.0890172763935162,-0.0211375));
#2010=CARTESIAN_POINT('',(0.02921,-0.0100735034766858,-0.015875));
#2011=CARTESIAN_POINT('',(0.02921,-0.00372350347668584,-0.015875));
#2012=CARTESIAN_POINT('',(-0.02921,-0.00372350347668584,-0.015875));
#2013=CARTESIAN_POINT('',(-0.02921,-0.0100735034766858,-0.015875));
#2014=CARTESIAN_POINT('',(-0.02921,-0.0164235034766858,-0.015875));
#2015=CARTESIAN_POINT('',(0.02921,-0.0164235034766858,-0.015875));
#2016=CARTESIAN_POINT('',(0.02921,-0.00372350347668583,-0.0206375));
#2017=CARTESIAN_POINT('',(-0.02921,-0.00372350347668583,-0.0206375));
#2018=CARTESIAN_POINT('',(0.02921,-0.0164235034766858,-0.0206375));
#2019=CARTESIAN_POINT('',(-0.02921,-0.0164235034766858,-0.0206375));
#2020=CARTESIAN_POINT('',(-0.02921,-0.049545389935101,-0.0206375));
#2021=CARTESIAN_POINT('',(-0.02921,-0.0100735034766858,-0.0206375));
#2022=CARTESIAN_POINT('',(-0.02921,-0.0100735034766858,-0.0211375));
#2023=CARTESIAN_POINT('',(0.,-0.0731391680506126,0.0289801741991726));
#2024=CARTESIAN_POINT('',(0.,-0.0746291353795511,0.0351528962371956));
#2025=CARTESIAN_POINT('',(0.,-0.0696923318078,0.0363445384310262));
#2026=CARTESIAN_POINT('',(0.,-0.0687163546964587,0.0365801191036586));
#2027=CARTESIAN_POINT('',(0.,-0.0746291353795511,0.0351528962371957));
#2028=CARTESIAN_POINT('',(0.,-0.0677403775851173,0.036815699776291));
#2029=CARTESIAN_POINT('',(0.,-0.0731391680506126,0.0289801741991726));
#2030=CARTESIAN_POINT('',(0.,-0.0758211092427019,0.0400910738676142));
#2031=CARTESIAN_POINT('',(0.,-0.0689323514482681,0.0417538774067095));
#2032=CARTESIAN_POINT('',(0.,-0.072376730345485,0.0409224756371619));
#2033=CARTESIAN_POINT('',(3.29148851777125E-8,-0.0758211092427019,0.0400910738676142));
#2034=CARTESIAN_POINT('',(3.29148851777125E-8,-0.0721169287680065,0.0409851863602538));
#2035=CARTESIAN_POINT('',(3.2914885178493E-8,-0.0205423680479029,-0.00879711832178472));
#2036=CARTESIAN_POINT('',(0.,-0.050998267365107,-0.00304590530387075));
#2037=CARTESIAN_POINT('',(0.00380964939205672,-0.0509982673650698,-0.00304590530367406));
#2038=CARTESIAN_POINT('',(3.22967338794432E-8,-0.0467650811093892,0.019317523033203));
#2039=CARTESIAN_POINT('',(0.,-0.0687677796843349,0.0134930875856154));
#2040=CARTESIAN_POINT('',(0.00380964267461792,-0.0687677796843349,0.0134930875856154));
#2041=CARTESIAN_POINT('',(3.29148851777125E-8,-0.0722944444635184,0.0267920807266148));
#2042=CARTESIAN_POINT('',(-0.01651,-0.0100735034766858,-0.0206375));
#2043=CARTESIAN_POINT('',(-0.0162095696904862,-0.0100735034766858,-0.0206375));
#2044=CARTESIAN_POINT('',(-0.01651,-0.0100735034766858,-0.0206375));
#2045=CARTESIAN_POINT('',(-0.01651,-0.0100735034766858,-0.0211375));
#2046=CARTESIAN_POINT('',(-0.02921,-0.0100735034766858,-0.0206375));
#2047=CARTESIAN_POINT('',(-0.01651,-0.0890172763935162,-0.0206375));
#2048=CARTESIAN_POINT('',(-0.0162095696904862,-0.0890172763935162,-0.0206375));
#2049=CARTESIAN_POINT('',(-0.01651,-0.0890172763935162,-0.0206375));
#2050=CARTESIAN_POINT('',(-0.01651,-0.0890172763935162,-0.0211375));
#2051=CARTESIAN_POINT('',(-0.02921,-0.0890172763935162,-0.0206375));
#2052=CARTESIAN_POINT('',(0.01651,-0.0100735034766858,-0.0206375));
#2053=CARTESIAN_POINT('',(0.0162095696904862,-0.0100735034766858,-0.0206375));
#2054=CARTESIAN_POINT('',(0.01651,-0.0100735034766858,-0.0206375));
#2055=CARTESIAN_POINT('',(0.01651,-0.0100735034766858,-0.0201375));
#2056=CARTESIAN_POINT('',(0.02921,-0.0100735034766858,-0.0206375));
#2057=CARTESIAN_POINT('',(0.01651,-0.0890172763935162,-0.0206375));
#2058=CARTESIAN_POINT('',(0.0162095696904862,-0.0890172763935162,-0.0206375));
#2059=CARTESIAN_POINT('',(0.01651,-0.0890172763935162,-0.0206375));
#2060=CARTESIAN_POINT('',(0.01651,-0.0890172763935162,-0.0201375));
#2061=CARTESIAN_POINT('',(0.02921,-0.0890172763935162,-0.0206375));
#2062=CARTESIAN_POINT('',(-0.0405636234454781,0.0619197093192427,-0.00584959622126533));
#2063=CARTESIAN_POINT('',(-0.0765472048878664,0.088687832519474,-0.0264870962212654));
#2064=CARTESIAN_POINT('',(-0.0179717699311644,-0.0441743207707683,-0.0027068686096078));
#2065=CARTESIAN_POINT('',(-0.0179717699311644,0.0347694521460621,-0.00270686860960779));
#2066=MECHANICAL_DESIGN_GEOMETRIC_PRESENTATION_REPRESENTATION('',(#1141,
#69,#1142,#1143),#2067);
#2067=(
GEOMETRIC_REPRESENTATION_CONTEXT(3)
GLOBAL_UNCERTAINTY_ASSIGNED_CONTEXT((#2071))
GLOBAL_UNIT_ASSIGNED_CONTEXT((#2077,#2076,#2075))
REPRESENTATION_CONTEXT('Assembly 1','TOP_LEVEL_ASSEMBLY_PART')
);
#2068=(
GEOMETRIC_REPRESENTATION_CONTEXT(3)
GLOBAL_UNCERTAINTY_ASSIGNED_CONTEXT((#2072))
GLOBAL_UNIT_ASSIGNED_CONTEXT((#2077,#2076,#2075))
REPRESENTATION_CONTEXT('Part 1','COMPONENT_PART')
);
#2069=(
GEOMETRIC_REPRESENTATION_CONTEXT(3)
GLOBAL_UNCERTAINTY_ASSIGNED_CONTEXT((#2073))
GLOBAL_UNIT_ASSIGNED_CONTEXT((#2077,#2076,#2075))
REPRESENTATION_CONTEXT('Part 1','COMPONENT_PART')
);
#2070=(
GEOMETRIC_REPRESENTATION_CONTEXT(3)
GLOBAL_UNCERTAINTY_ASSIGNED_CONTEXT((#2074))
GLOBAL_UNIT_ASSIGNED_CONTEXT((#2077,#2076,#2075))
REPRESENTATION_CONTEXT('Part 1','COMPONENT_PART')
);
#2071=UNCERTAINTY_MEASURE_WITH_UNIT(LENGTH_MEASURE(1.E-8),#2077,
'DISTANCE_ACCURACY_VALUE','Maximum Tolerance applied to model');
#2072=UNCERTAINTY_MEASURE_WITH_UNIT(LENGTH_MEASURE(1.E-8),#2077,
'DISTANCE_ACCURACY_VALUE','Maximum Tolerance applied to model');
#2073=UNCERTAINTY_MEASURE_WITH_UNIT(LENGTH_MEASURE(1.E-8),#2077,
'DISTANCE_ACCURACY_VALUE','Maximum Tolerance applied to model');
#2074=UNCERTAINTY_MEASURE_WITH_UNIT(LENGTH_MEASURE(2.E-5),#2077,
'DISTANCE_ACCURACY_VALUE','Maximum Tolerance applied to model');
#2075=(
NAMED_UNIT(*)
SI_UNIT($,.STERADIAN.)
SOLID_ANGLE_UNIT()
);
#2076=(
NAMED_UNIT(*)
PLANE_ANGLE_UNIT()
SI_UNIT($,.RADIAN.)
);
#2077=(
LENGTH_UNIT()
NAMED_UNIT(*)
SI_UNIT($,.METRE.)
);
#2078=PRODUCT_DEFINITION_SHAPE('','',#2091);
#2079=PRODUCT_DEFINITION_SHAPE('','',#2092);
#2080=PRODUCT_DEFINITION_SHAPE(' ','NAUO PRDDFN',#36);
#2081=PRODUCT_DEFINITION_SHAPE('','',#2093);
#2082=PRODUCT_DEFINITION_SHAPE(' ','NAUO PRDDFN',#37);
#2083=PRODUCT_DEFINITION_SHAPE(' ','NAUO PRDDFN',#38);
#2084=PRODUCT_DEFINITION_SHAPE(' ','NAUO PRDDFN',#39);
#2085=PRODUCT_DEFINITION_SHAPE(' ','NAUO PRDDFN',#40);
#2086=PRODUCT_DEFINITION_SHAPE('','',#2094);
#2087=PRODUCT_DEFINITION_SHAPE(' ','NAUO PRDDFN',#41);
#2088=PRODUCT_DEFINITION_SHAPE(' ','NAUO PRDDFN',#42);
#2089=PRODUCT_DEFINITION_SHAPE(' ','NAUO PRDDFN',#43);
#2090=PRODUCT_DEFINITION_SHAPE(' ','NAUO PRDDFN',#44);
#2091=PRODUCT_DEFINITION('','',#2099,#2095);
#2092=PRODUCT_DEFINITION('','',#2100,#2096);
#2093=PRODUCT_DEFINITION('','',#2101,#2097);
#2094=PRODUCT_DEFINITION('','',#2102,#2098);
#2095=PRODUCT_DEFINITION_CONTEXT('',#2120,'design');
#2096=PRODUCT_DEFINITION_CONTEXT('',#2120,'design');
#2097=PRODUCT_DEFINITION_CONTEXT('',#2120,'design');
#2098=PRODUCT_DEFINITION_CONTEXT('',#2120,'design');
#2099=PRODUCT_DEFINITION_FORMATION_WITH_SPECIFIED_SOURCE('','',#2107,
 .NOT_KNOWN.);
#2100=PRODUCT_DEFINITION_FORMATION_WITH_SPECIFIED_SOURCE('','',#2108,
 .NOT_KNOWN.);
#2101=PRODUCT_DEFINITION_FORMATION_WITH_SPECIFIED_SOURCE('','',#2109,
 .NOT_KNOWN.);
#2102=PRODUCT_DEFINITION_FORMATION_WITH_SPECIFIED_SOURCE('','',#2110,
 .NOT_KNOWN.);
#2103=PRODUCT_RELATED_PRODUCT_CATEGORY('','',(#2107));
#2104=PRODUCT_RELATED_PRODUCT_CATEGORY('','',(#2108));
#2105=PRODUCT_RELATED_PRODUCT_CATEGORY('','',(#2109));
#2106=PRODUCT_RELATED_PRODUCT_CATEGORY('','',(#2110));
#2107=PRODUCT('Assembly 1','Assembly 1','Assembly 1',(#2115));
#2108=PRODUCT('Part 1','Part 1','Part 1',(#2116));
#2109=PRODUCT('Part 1','Part 1','Part 1',(#2117));
#2110=PRODUCT('Part 1','Part 1','Part 1',(#2118));
#2111=PRODUCT_CATEGORY('','');
#2112=PRODUCT_CATEGORY('','');
#2113=PRODUCT_CATEGORY('','');
#2114=PRODUCT_CATEGORY('','');
#2115=PRODUCT_CONTEXT('',#2120,'mechanical');
#2116=PRODUCT_CONTEXT('',#2120,'mechanical');
#2117=PRODUCT_CONTEXT('',#2120,'mechanical');
#2118=PRODUCT_CONTEXT('',#2120,'mechanical');
#2119=APPLICATION_PROTOCOL_DEFINITION('international standard',
'ap242_managed_model_based_3d_engineering',2020,#2120);
#2120=APPLICATION_CONTEXT('managed model based 3d engineering');
ENDSEC;
END-ISO-10303-21;
